EffectId,EffectName,Offset,EndOffset,PartName,MoveTime,Delay,Length,EffectType,IgnoreTimeScale,Color,Random,CurvePoint1,CurvePoint2,CurvePoint3,IsRotate,Scale,Rotate
100,effect_prince_hit01,0;0;0,0;0;0,,0.1,0,1,5,0,255;255;255;255,,,,,0,1;1;1,0;0;0
110,effect_prince_skill01_b,0;0;0,0;0;0,,0.1,0.2,10,5,0,255;255;255;255,,,,,0,1;1;1,0;0;0
111,effect_prince,0;0;0,0;0;0,,0,0,3,7,0,255;255;255;255,,,,,0,0;0;0,0;0;0
120,linaskill01_pre,0.3;2;-1.5,0;0;0,Bip01 Prop1,0,0,1,1,0,255;255;255;255,,,,,0,1;1;1,0;0;0
200,effect_archer_hit01,0;2.14;0,0;0;0,,0.1,0.53,0.2,2,0,255;255;255;255,,,,,0,1;1;1,0;0;0
210,effect_archer_skill01,0;0;0,0;0;0,,0.1,0.4,1,3,0,255;255;255;255,,,,,0,0;0;0,0;0;0
220,effect_archer_skill02,0;0;0,0;0;0,,0.1,2.433,3,3,0,255;255;255;255,,,,,0,0;0;0,0;0;0
300,effect_mage01_hit,0;1.4;0,0;0;0,,0.1,0.8,0.5,2,0,255;255;255;255,,,,,0,0;0;0,0;0;0
310,effect_mage_skill01,0;0;0,0;0;0,,0.1,0.8,2,4,0,255;255;255;255,,,,,0,0;0;0,0;0;0
320,effect_mage_skill02,0;0;0,0;0;0,,0.1,0.8,3,3,0,255;255;255;255,,,,,0,1;1;1,0;0;0
400,effect_mage01_hit_a,0.03;0.02;0.74,0;0;0,weapon_r,0.1,0,1,6,0,255;255;255;255,,,,,0,0;0;0,0;0;0
401,effect_mage01_hit,0;1.4;0,0;0;0,,0.1,0.8,0.5,2,0,255;255;255;255,,,,,0,0;0;0,0;0;0
402,effect_mage01_skill01,6;0;0,0;0;0,,0.12,0.3,1.5,2,0,255;255;255;255,,,,,0,0;0;0,0;0;0
420,effect_mage01_skill02,0;1.4;0,-0.6;0;-1,,0.3,-1.5,0.5,2,0,255;255;255;255,,,,,0,1;1;1,0;0;0
421,effect_mage01_skill02,2;1.4;0,0.5;0;0,,0.1,0.9,0.5,2,0,255;255;255;255,,,,,0,1;1;1,0;0;0
422,effect_mage01_skill02,2;1.4;0,0.5;0;0,,0.1,1.2,0.5,2,0,255;255;255;255,,,,,0,1;1;1,0;0;0
501,effect_mage02_hit,0;1.4;0,0;0;0,,0.1,0.8,0.5,2,0,255;255;255;255,,,,,0,1;1;1,0;0;0
510,effect_mage02_skill01,0;0;0,0;0;0,,0.1,0.6,2.15,5,0,255;255;255;255,,,,,0,1;1;1,0;0;0
520,effect_mage02_skill02,0;0;0.75,0;0;0,weapon_r,0.1,0.3,0.08,6,0,255;110;36;255,,,,,0,1;1;1,0;0;0
521,effect_mage02_skill03,0;0;0,0;0;0,,0.1,1.6,1.5,4,0,255;255;255;255,,,,,0,0;0;0,0;0;0
522,effect_mage02_skill03,0;0;0,0;0;0,,0.1,2,1.5,4,0,255;255;255;255,,,,,0,0;0;0,0;0;0
523,effect_mage02_skill03,0;0;0,0;0;0,,0.1,2.4,1.5,4,0,255;255;255;255,,,,,0,0;0;0,0;0;0
600,effect_m_012_duomingfeidaoying_3_hit,2;2;0,0;0;0,,0.1,0,0,2,0,255;255;255;255,,,,,0,1;1;1,0;0;0
610,effect_m_012_duomingfeidaoying_3_skill1_01,2.5;2.2;0,0;0;0,,0.1,0,0,2,0,255;255;255;255,,,,,0,1;1;1,0;0;0
611,effect_m_012_duomingfeidaoying_3_skill1_02,2.25;3;0,0;0;0,,0.1,0,0,2,0,255;255;255;255,,,,,0,1;1;1,0;0;0
612,effect_m_012_duomingfeidaoying_3_skill1_03,2;3;0,0;0;0,,0.1,0,0,2,0,255;255;255;255,,,,,0,1;1;1,0;0;0
710,effect_m_012_duomingfeidaoying_3_hit,2.5;2.2;0,0;0;0,,0.02,0,1,2,0,255;255;255;255,,,,,0,0;0;0,0;0;0
711,effect_m_012_duomingfeidaoying_3_hit,2.25;3;0,0;0;0,,0.04,0,1,2,0,255;255;255;255,,,,,0,0;0;0,0;0;0
712,effect_m_012_duomingfeidaoying_3_hit,2.8;3;0,0;0;0,,0.02,0,1,2,0,255;255;255;255,,,,,0,0;0;0,0;0;0
713,effect_m_012_duomingfeidaoying_3_hit,2.8;3;0,0;0;0,,0.02,0,1,2,0,255;255;255;255,,,,,0,0;0;0,0;0;0
714,effect_m_012_duomingfeidaoying_3_hit,2.8;3;0,0;0;0,,0.02,0,1,2,0,255;255;255;255,,,,,0,0;0;0,0;0;0
715,effect_m_012_duomingfeidaoying_3_hit,2.8;3;0,0;0;0,,0.02,0,1,2,0,255;255;255;255,,,,,0,0;0;0,0;0;0
716,effect_m_012_duomingfeidaoying_3_hit,2.8;3;0,0;0;0,,0.02,0,1,2,0,255;255;255;255,,,,,0,0;0;0,0;0;0
717,effect_m_012_duomingfeidaoying_3_hit,2.8;3;0,0;0;0,,0.02,0,1,2,0,255;255;255;255,,,,,0,0;0;0,0;0;0
718,effect_m_012_duomingfeidaoying_3_hit,2.8;3;0,0;0;0,,0.02,0,1,2,0,255;255;255;255,,,,,0,0;0;0,0;0;0
719,effect_mage01_skill02_5,3;0.2;0,0.8;0;0,,0.14,1.55,4,2,0,255;255;255;255,,,,,0,0;0;0,0;0;0
720,holy_defense_base,0;0;0,0;0;0,Bip001,0,0.65,13,4,0,255;255;255;255,,,,,0,1;1;1,0;0;0
1000010,,0;0;0,0;0;0,,0.1,0,0,3,0,255;255;255;255,,,,,0,0;0;0,0;0;0
1000110,normal_explosion,0;0;0,0;0;0,Bip01,0.1,0,0.06,6,0,255;255;255;255,,,,,0,1;1;1,0;0;0
1000210,fire_explosion,0;0;0,0;0;0,Effect_spine,0.1,0.09,1,4,0,255;255;255;255,,,,,0,-1;-1;-1,0;0;0
1000310,cce_explosion,0;0;0,0;0;0,,0.1,0,5,1,0,255;255;255;255,,,,,0,0;0;0,0;0;0
1000410,blood_explosion,0;0.6;-3,0;0;0,Effect_spine,0.1,0,1,1,0,255;255;255;255,,,,,0,0;0;0,0;0;0
1000510,lightning_explosion,0;0;0,0;0;0,Effect_spine,0.1,0,0.5,4,0,255;255;255;255,,,,,0,1;1;1,0;0;0
100002,effect_prince_skill01_a,0;0;0,0;0;0,,0.1,0,3.3,3,0,255;255;255;255,,,,,0,0;0;0,0;0;0
100004,effect_prince_skill02,0;0;0,0;0;0,,0.1,0,4,3,0,255;255;255;255,,,,,0,0;0;0,0;0;0
200004,effect_archer_hit01,0;2.14;0,0;0;0,,0.1,0.8,0.2,2,0,255;255;255;255,,,,,0,0;0;0,0;0;0
200005,effect_archer_hit01,0;2.14;0,0;0;0,,0.1,1.33,0.2,2,0,255;255;255;255,,,,,0,0;0;0,0;0;0
600001,effect_wolfman_hit,0;0;0,0;0;0,,0.1,0,3,3,0,255;255;255;255,,,,,0,0;0;0,0;0;0
600002,effect_wolfman_skill,0;0;0,0;0;0,,0.1,0,2.15,1,0,255;255;255;255,,,,,0,1;1;1,0;0;0
600003,effect_wolfman_skill_a,0;0;0,0;0;0,,0.1,0,0.5,1,0,255;255;255;255,,,,,0,0;0;0,0;0;0
600004,effect_wolfman_hit,0;0;0,0;0;0,,0.01,2.2,3,1,0,255;255;255;255,,,,,0,0;0;0,0;0;0
700001,effect_shuren_skill,0;0;0,0;0;0,,0.1,0.5,2,4,0,255;255;255;255,,,,,0,0;0;0,0;0;0
700002,effect_shuren_skill01,0;0;0,0;0;0,,0.1,0.5,1,1,0,255;255;255;255,,,,,0,0;0;0,0;0;0
99999,effect_prince,0;0;0,0;0;0,,0,0,3,8,0,255;255;255;0,,,,,0,1;1;1,0;0;0
99998,hit_effect_03,0;0;0,0;0;0,Effect_spine,0,0,1,4,0,255;255;255;255,,,,,0,-1;-1;-1,0;0;0
99996,hit_effect_06,0;2;-3,0;0;0,,0,0,2,1,0,255;255;255;255,,,,,0,0;0;0,0;0;0
99995,hit_effect_04,0;0;-0.2,0;0;0,Effect_spine,0,0,0.2,4,0,255;255;255;255,0;0;60|0;0;120|0;0;150|0;0;200|0;0;75,,,,0,1;1;1,0;0;0
99994,effect_prince,0;0;0,0;0;0,,0,0,2,7,0,255;255;255;255,,,,,0,1;1;1,0;0;0
99993,effect_prince,0;0;0,0;0;0,,0,0,2.6,8,0,255;255;255;0,,,,,0,0;0;0,0;0;0
99992,effect_prince,0;0;0,0;0;0,,0,0,2.5,8,0,255;255;255;0,,,,,0,0;0;0,0;0;0
99991,effect_prince,0;0;0,0;0;0,,0,0,2.8,8,0,255;255;255;0,,,,,0,0;0;0,0;0;0
99988,buff_kuangbao,0;0;0,0;-1;0,Bip001 Footsteps,0,0,20,1,0,255;255;255;255,,,,,0,1;1;1,0;0;0
99986,buff_mofahudun,0;0;0,0;-1;0,Effect_spine,0,0,2,4,0,255;255;255;255,,,,,0,0;0;0,0;0;0
99984,buff_shandian,0;0;0,0;-1;0,Effect_spine,0,0,2,4,0,255;255;255;255,,,,,0,0;0;0,0;0;0
99981,hit_dunqi,0;0;0,0;-1;0,Effect_spine,0,0,1,4,0,255;255;255;255,,,,,0,1;1;1,0;0;0
99980,hit_duye,0;0;0,0;-1;0,Effect_spine,0,0,2,4,0,255;255;255;255,,,,,0,1;1;1,0;0;0
99979,hit_guangshu,0;0;0,0;-1;0,Effect_spine,0,0,2,4,0,255;255;255;255,,,,,0,0;0;0,0;0;0
99978,buff_xuanyun,0;0.3;0,0;-1;0,Effect_head,0,0,2,4,0,255;255;255;255,,,,,0,0;0;0,0;0;0
99977,suduxian,0;0;0,0;-1;0,Effect_spine,0,0,3.2,11,0,255;255;255;255,,,,,0,1;1;1,0;0;0
99976,effect_gold,0.6;1.2;-1,0;0;0,,0,0.5,1.867,1,0,255;255;255;255,,,,,0,0;0;0,0;0;0
99942,buff_chenmo,0;0.3;0,0;0;0,Effect_head,0.2,0,10,4,0,255;255;255;255,,,,,0,1;1;1,0;0;0
1010101,hongsebeijing,0;0;0,0;0;0,,0,0,2.5,8,0,255;255;255;0,,,,,0,0;0;0,0;0;0
1010102,zisebeijing,0;0;0,0;0;0,,0,0,2.5,8,0,255;255;255;0,,,,,0,1;1;1,0;0;0
1010103,lvsebeijing,0;0;0,0;0;0,,0,0,2.5,8,0,255;255;255;0,,,,,0,0;0;0,0;0;0
1010104,chensebeijing,0;0;0,0;0;0,,0,0,2.5,8,0,255;255;255;0,,,,,0,0;0;0,0;0;0
1010105,jingsebeijing,0;0;0,0;0;0,,0,0,2.5,8,0,255;255;255;0,,,,,0,0;0;0,0;0;0
1010106,lansebeijing,0;0;0,0;0;0,,0,0,2.5,8,0,255;255;255;0,,,,,0,1;1;1,0;0;0
1010107,qingsebeijing,0;0;0,0;0;0,,0,0,2.5,8,0,255;255;255;0,,,,,0,0;0;0,0;0;0
1010108,tuhuangsebeijing,0;0;0,0;0;0,,0,0,2.5,8,0,255;255;255;0,,,,,0,0;0;0,0;0;0
97000,effect_prince,0;0;0,0;0;0,,0,0,1,7,0,255;255;255;255,,,,,0,1;1;1,0;0;0
690000,buff_blood,0;0;0,0;-1;0,Effect_spine,0,0,2,4,0,255;255;255;255,,,,,0,0;0;0,0;0;0
690001,buff_du,0;0;0,0;-1;0,Effect_head,0,0,2,4,0,255;255;255;255,,,,,0,1;1;1,0;0;0
690002,buff_gedang,0.2;0;0,0;-1;0,Effect_spine,0,0,3,4,0,255;255;255;255,,,,,0,0;0;0,0;0;0
690003,buff_gongji,0;0;0,0;-1;0,Effect_center,0,0,3,5,0,255;255;255;255,,,,,0,1;1;1,0;0;0
690004,buff_hudun,0;0;0,0;-1;0,Effect_spine,0,0,2,4,0,255;255;255;255,,,,,1,1;1;1,0;0;0
690005,buff_jiaxue,0;0;0,0;-1;0,Effect_spine,0,0,2,1,0,255;255;255;255,,,,,0,1;1;1,0;0;0
690006,buff_kuangnu,0;0;0,0;-1;0,Effect_center,0,0,3,4,0,255;255;255;255,,,,,0,1;1;1,0;0;0
690007,buff_mofahudun,0;0;0,0;-1;0,Effect_spine,0,0,2,4,0,255;255;255;255,,,,,0,0;0;0,0;0;0
690008,buff_ranshao,0;0;0,0;-1;0,Effect_spine,0,0,2,4,0,255;255;255;255,,,,,0,1;1;1,0;0;0
690012,buff_shanbi,0.5;0;-0.2,0;0;0,Effect_spine,0,0,0.5,4,0,255;255;255;255,,,,,0,0;0;0,0;0;0
690009,buff_shihua,0;0;0,0;-1;0,Effect_center,0,0,3,4,0,255;255;255;255,,,,,0,1;1;1,0;0;0
690013,buff_shihua,0;0;0,0;-1;0,Effect_spine,0,0,3,4,0,255;255;255;255,,,,,0,1;1;1,0;0;0
690014,buff_shihua,0;0;0,0;-1;0,Effect_spine,0,0,3,4,0,255;255;255;255,,,,,0,1;1;1,0;0;0
690015,buff_shihua,0;0;0,0;-1;0,Effect_Root,0,0,3,4,0,255;255;255;255,,,,,0,1;1;1,0;0;0
690010,buff_shuijiao,0;0;0,0;-1;0,Effect_head,0,0,3,4,0,255;255;255;255,,,,,0,1;1;1,0;0;0
690011,buff_xvruo,0;0;0,0;-1;0,Effect_head,0,0,2,4,0,255;255;255;255,,,,,0,1;1;1,0;0;0
690016,buff_jisi,0;0;0,0;-1;0,Effect_head,0,0,0.857,4,0,255;255;255;255,,,,,0,1;1;1,0;0;0
690017,buff_mianyi_daodi,0;0;0,0;-1;0,Effect_Root,0,0,3,4,0,255;255;255;255,,,,,0,1;1;1,0;0;0
690018,buff_mianyi_fukong,0;0;0,0;-1;0,Effect_Root,0,0,3,4,0,255;255;255;255,,,,,0,1;1;1,0;0;0
690019,buff_mianyi_kongzhi,0;0;0,0;-1;0,Effect_Root,0,0,3,4,0,255;255;255;255,,,,,0,1;1;1,0;0;0
690020,buff_mofagongji,0;0;0,0;-1;0,Effect_center,0,0,3,4,0,255;255;255;255,,,,,0,1;1;1,0;0;0
690021,buff_raoluan,0;0;0,0;-1;0,Effect_head,0,0,3,4,0,255;255;255;255,,,,,0,1;1;1,0;0;0
690022,buff_zuzhou,0;0;0,0;-1;0,Effect_spine,0,0,3,4,0,255;255;255;255,,,,,0,1;1;1,0;0;0
690023,buff_yishang,0;0;0,0;-1;0,Effect_spine,0,0,3,4,0,255;255;255;255,,,,,0,1;1;1,0;0;0
690024,buff_wudi,0;0;0,0;-1;0,Effect_spine,0,0,3,4,0,255;255;255;255,,,,,0,1;1;1,0;0;0
690025,buff_fangyu,0;0;0,0;-1;0,Effect_center,0,0,3,5,0,255;255;255;255,,,,,0,1;1;1,0;0;0
690026,buff_fangyujiangdi,0;0;0,0;-1;0,Effect_spine,0,0,3,4,0,255;255;255;255,,,,,0,1;1;1,0;0;0
690027,buff_mofafangyu,0;0;0,0;-1;0,Effect_center,0,0,3,5,0,255;255;255;255,,,,,0,1;1;1,0;0;0
690028,buff_mofangjiangdi,0;0;0,0;-1;0,Effect_spine,0,0,3,4,0,255;255;255;255,,,,,0,1;1;1,0;0;0
690029,buff_mogongjiangdi,0;0;0,0;-1;0,Effect_spine,0,0,3,4,0,255;255;255;255,,,,,0,1;1;1,0;0;0
690030,buff_gongjijiangdi,0;0;0,0;-1;0,Effect_spine,0,0,3,4,0,255;255;255;255,,,,,0,1;1;1,0;0;0
690031,hit_magic_purple,0;0;0,0;-1;0,Effect_spine,0,0,1,4,0,255;255;255;255,,,,,0,1;1;1,0;0;0
690032,hit_magic_blue,0;0;0,0;-1;0,Effect_spine,0,0,1,4,0,255;255;255;255,,,,,0,1;1;1,0;0;0
690033,hit_magic_red,0;0;0,0;-1;0,Effect_spine,0,0,1,4,0,255;255;255;255,,,,,0,1;1;1,0;0;0
690034,hit_dunqi_big,0;0;0,0;-1;0,Effect_spine,0,0,1,4,0,255;255;255;255,,,,,0,1;1;1,0;0;0
690035,hit_guangshu_red,0;0;0,0;-1;0,Effect_spine,0,0,1,4,0,255;255;255;255,,,,,0,1;1;1,0;0;0
690036,hit_guangshu_blue,0;0;0,0;-1;0,Effect_spine,0,0,1,4,0,255;255;255;255,,,,,0,1;1;1,0;0;0
690037,hit_daojian_small,0;0;0,0;-1;0,Effect_spine,0,0,1,4,0,255;255;255;255,,,,,0,1;1;1,0;0;0
690038,buff_shuanggongjiangdi,0;0;0,0;-1;0,Effect_spine,0,0,3,4,0,255;255;255;255,,,,,0,1;1;1,0;0;0
690039,buff_shuanggong,0;0;0,0;-1;0,Effect_Root,0,0,3,4,0,255;255;255;255,,,,,0,1;1;1,0;0;0
690040,buff_shuangfangjiangdi,0;0;0,0;-1;0,Effect_spine,0,0,3,4,0,255;255;255;255,,,,,0,1;1;1,0;0;0
690041,hit_jingyinghuan,0;0;0,0;0;0,Effect_Root,0,0,9999,4,0,255;255;255;255,,,,,0,1;1;1,0;0;0
690042,beijing_effect_gary,0;0;0,0;0;0,Effect_Root,0,0,9999,8,0,255;255;255;0,,,,,0,1;1;1,0;0;0
690043,beijing_effect_lianji,0;0;0,0;0;0,Effect_Root,0,0,9999,4,0,255;255;255;0,,,,,0,1;1;1,0;0;0
690044,beijing_effect_purple,0;0;0,0;0;0,Effect_Root,0,0,9999,8,0,255;255;255;0,,,,,0,1;1;1,0;0;0
690045,beijing_effect_red,0;0;0,0;0;0,Effect_Root,0,0,9999,8,0,255;255;255;0,,,,,0,1;1;1,0;0;0
690046,beijing_effect_blue,0;0;0,0;0;0,Effect_Root,0,0,9999,8,0,255;255;255;0,,,,,0,1;1;1,0;0;0
690047,hit_magic_green,0;0;0,0;0;0,Effect_spine,0,0,2,4,0,255;255;255;0,,,,,0,1;1;1,0;0;0
99936,m_09_zhenni_effect_beidong,0;-0.5;0,0;-1;0,Effect_spine,0,0,600,5,0,255;255;255;255,,,,,0,1;1;1,0;0;0
99935,m_030_poxiao2_effect_beidong,0;0;0,0;-1;0,Effect_head,0,0,30,4,0,255;255;255;255,,,,,0,1;1;1,0;0;0
99934,m_032_poxiao4_effect_beidong,0;0;0,0;-1;0,Bip001 R Hand,0,0,600,4,0,255;255;255;255,,,,,1,1;1;1,0;0;0
98000,effect_prince,0;0;0,0;0;0,,0,0,1.867,8,0,255;255;255;0,,,,,0,1;1;1,0;0;0
96000,die,0;0.5;0,0;0;0,,0,0,3,1,0,255;255;255;255,,,,,0,1;1;1,0;0;0
95500,suduxian_red,0;0;0,0;-1;0,Effect_spine,0,0,3.2,11,0,255;255;255;255,,,,,0,1;1;1,0;0;0
95000,suduxian,0;-0.5;0,0;-1;0,Effect_spine,0,0,2.167,11,0,255;255;255;255,,,,,0,1;1;1,0;0;0
94500,zhiliao_scene,0;0;0,0;-1;0,Effect_spine,0,0,3.67,11,0,255;255;255;255,,,,,0,1;1;1,0;0;0
94434,hit_effect_09,0;0;0,0;-1;0,Effect_spine,0,0,1,4,0,255;255;255;255,,,,,0,-1;-1;-1,0;0;0
94433,boss_die,0;0;0,0;0;0,,0,0,2,1,0,255;255;255;0,,,,,0,1;1;1,0;0;0
5200,m_051_horsemen2_effect_001,0;4.5;0,0;0;0,,0,0.85,1,5,0,255;255;255;255,,,,,0,1;1;1,0;0;0
5210,m_051_horsemen2_effect_002,0;0;0,0;0;0,Bip001_effect_02,0,0.05,5,4,0,255;255;255;255,,,,,0,1;1;1,0;0;0
5211,m_051_horsemen2_effect_003,3;0;0,0;0;0,Bip001_effect_02,0,2.4,5,3,0,255;255;255;255,,,,,0,1;1;1,0;0;0
5220,m_051_horseman2_effect_004,0;0;0,0;0;0,,0,0.6,5,5,0,255;255;255;255,,,,,0,1;1;1,0;0;0
5221,m_051_horsemen2_effect_head,0;0;0,0;0;0,Bip001 HeadNub,0,0,20,4,0,255;255;255;255,,,,,1,1;1;1,0;0;0
5222,m_051_horsemen2_effect_L_calf,0;0;0,0;0;0,Bip001 L Calf,0,0,20,4,0,255;255;255;255,,,,,1,1;1;1,0;0;0
5223,m_051_horsemen2_effect_L_hand,0;0;0,0;0;0,Bip001 L Hand,0,0,20,4,0,255;255;255;255,,,,,1,1;1;1,0;0;0
5224,m_051_horsemen2_effect_R_calf,0;0;0,0;0;0,Bip001 R Calf,0,0,20,4,0,255;255;255;255,,,,,1,1;1;1,0;0;0
5225,m_051_horsemen2_effect_R_hand,0;0;0,0;0;0,Bip001 R Hand,0,0,20,4,0,255;255;255;255,,,,,1,1;1;1,0;0;0
11710,h_117_lulu_d_wp,2;1;0,0;1;0,,0.4,0.5,1,9,0,255;255;255;255,,0:2:0|0,0:3.1:0|0,0:2.5:0|0,0,1;1;1,0;0;0
11711,h_117_lulu_effect_002,11;0;0,0;0;0,,0,0,1,3,0,255;255;255;255,,,,,0,1;1;1,0;0;0
1310,m_013_canglang3_effect_001,0;0;0,0;0;0,Bip001 Prop1,0,0,5,4,0,255;255;255;255,,,,,0,1;1;1,0;0;0
1311,m_013_canglang3_effect_002,1;4.5;0,-0.8;0.6;-1,,0.6,2,2,2,0,255;255;255;255,,,,,0,1;1;1,0;0;0
1312,m_013_canglang3_effect_003,0;1.5;0,0;0;0,,0.6,0,5,5,0,255;255;255;255,,,,,1,1;1;1,0;0;0
1120,m_011_canglang1_effect_002,0;0;0,0;0;0,Bip001 Prop1,0,0,3,4,0,255;255;255;255,,,,,1,-1;-1;-1,0;180;0
1010,m_010_leike_effect_001,0;3;0,0;0;0,,0.1,1.25,2,5,0,255;255;255;255,,,,,0,1;1;1,0;0;0
1011,m_010_leike_effect_002,0;1;0,0;0;0,,0.1,0.8,2,5,0,255;255;255;255,,,,,0,1;1;1,0;0;0
1020,m_010_leike_effect_003,0;0.7;0,0;0;0,,0.1,0.6,2,5,0,255;255;255;255,,,,,0,1;1;1,0;0;0
810,m_008_liuke_effect_001,0;1;0,0;0;0,,0,0.65,3,1,0,255;255;255;255,,,,,0,1;1;1,0;0;0
811,m_008_liuke_effect_002,-1;1.2;0,0;0;0,,0,1.1,3,5,0,255;255;255;255,,,,,0,1;1;1,0;0;0
6600,m_066_canglang6_effect_001,0.5;0.7;0,0;0;0,,0,0.5,1,5,0,255;255;255;255,,,,,1,1;1;1,0;0;0
6610,m_066_canglang6_effect_002,2;2.6;-3,0;0;0,,0,0.4,2,5,0,255;255;255;255,,,,,0,1;1;1,0;0;0
3600,m_036_jien_effect_001,0;0;-1,0;0;0,,0,0.7,3,1,0,255;255;255;255,,,,,0,1;1;1,0;0;0
3601,m_036_jien_effect_002,2;1;0,-0.3;0.6;-2,,0.4,0.8,1,9,0,255;255;255;255,,0:1.8:0|0,0:2.2:0|0,0:1.5:0|0,0,1;1;1,0;0;0
3610,m_036_jien_effect_003,1;3;1,-0.5;0.6;-2,,0.4,0.6,3,2,0,255;255;255;255,,,,,0,1;1;1,0;0;0
3611,m_036_jien_effect_004,0;1.5;-1,0;0;0,,0,0.3,3,5,0,255;255;255;255,,,,,1,1;1;1,0;0;0
3655,m_036_jien_effect_005,0;0;0,0;0;0,,0,2.5,3,1,0,255;255;255;255,,,,,1,1;1;1,0;0;0
3700,m_037_teluo_effect_001,0;0;0,0;0;0,,0,0,2,1,0,255;255;255;255,,,,,1,1;1;1,0;0;0
3701,hit_shihua,0;0;0,0;0;0,,0,0,2,1,0,255;255;255;255,,,,,1,1;1;1,0;0;0
900,m_009_zhenni_effect_001,1.5;2;0,0;0;0,,0,0.45,3,1,0,255;255;255;255,,,,,0,1;1;1,0;0;0
901,m_009_zhenni_effect_002,2;1.8;0,0;0;0,,0.075,0,0.2,2,0,255;255;255;255,,,,,0,1;1;1,0;0;0
910,m_009_zhenni_effect_003,0;1.2;-0.5,0;0;0,,0,0.4,3,5,0,255;255;255;255,,,,,1,1;1;1,0;0;0
911,m_009_zhenni_effect_004,2;3.5;0,-0.3;0.6;-2,,0.05,0,1,2,0,255;255;255;255,,,,,0,1;1;1,0;0;0
1200,m_012_duomingfeidaoying_effect_001,1;2;-2,0;0;0,,0.1,0.5,2,5,0,255;255;255;255,,,,,0,1;1;1,0;0;0
1210,m_012_duomingfeidaoying_effect_002,1;3;-2,0;0;0,,0.1,0.8,2,5,0,255;255;255;255,,,,,1,1;1;1,0;0;0
14100,h_141_yilu_effect_01,-1.5;1;0,0;0;0,Bip001,0,0.35,3,5,0,255;255;255;255,,,,,1,1;1;1,0;0;0
14101,h_141_yilu_effect_02,0;1.6;0,0;0;0,,0,0.7,3,5,0,255;255;255;255,,,,,0,1;1;1,0;0;0
14102,h_141_yilu_effect_03,3;0;0,0;0;0,,0,0.8,3,5,0,255;255;255;255,,,,,1,1;1;1,0;0;0
14110,h_141_yilu_effect_04,0;0;0,0;0;0,,0,0,3,1,0,255;255;255;255,,,,,0,1;1;1,0;0;0
14111,h_141_yilu_effect_05,0;0;0,0;0;0,Bip001_Wp,0,0,5,4,0,255;255;255;255,,,,,1,-1;-1;-1,180;0;0
14112,h_141_yilu_effect_06,0;1.6;0,0;0;0,,0,1.1,3,5,0,255;255;255;255,,,,,0,1;1;1,0;0;0
14120,h_141_yilu_effect_07,0;0;1,0;0;0,Bip001_Wp,0,0.65,1.35,4,0,255;255;255;255,,,,,1,-1;-1;-1,180;0;0
14121,h_141_yilu_effect_08,0;0;-1,0;0;0,,0,0.65,3,5,0,255;255;255;255,,,,,0,1;1;1,0;0;0
14122,h_141_yilu_effect_09,0;1.6;0,0;0;0,,0,2,3,5,0,255;255;255;255,,,,,0,1;1;1,0;0;0
14123,h_141_yilu_effect_10,6;0;-0.5,0;0;0,,0,2.15,0.4,5,0,255;255;255;255,,,,,1,1;1;1,0;0;0
14124,h_141_yilu_effect_11,0;0;0,0;0;0,Bip001 R Toe0,0,0,4,4,0,255;255;255;255,,,,,0,-1;-1;-1,0;0;0
14125,h_141_yilu_effect_12,0;0;0,0;0;0,Bip001 L Toe0,0,0,4,4,0,255;255;255;255,,,,,0,-1;-1;-1,0;0;0
14126,h_141_yilu_effect_13,0;0;0,0;0;0,Bip001 R Toe0,0,0,2,4,0,255;255;255;255,,,,,0,1;1;1,0;0;0
14127,h_141_yilu_effect_14,0;0;0,0;0;0,Bip001 L Toe0,0,0,2,4,0,255;255;255;255,,,,,0,1;1;1,0;0;0
14128,h_141_yilu_effect_15,0;0;0,0;0;0,Bip001 R Toe0,0,0,3,4,0,255;255;255;255,,,,,0,1;1;1,0;0;0
14129,h_141_yilu_effect_16,0;0;0,0;0;0,Bip001 L Toe0,0,0,3,4,0,255;255;255;255,,,,,0,1;1;1,0;0;0
1400,m_014_canglang4_effect_001,0;2.5;0,0;0;0,,0,0.3,2,5,0,255;255;255;255,,,,,1,1;1;1,0;0;0
1410,m_014_canglang4_effect_002,-1;1.4;0,0;0;0,,0,2.45,4,5,0,255;255;255;255,,,,,0,1;1;1,0;0;0
1411,m_014_canglang4_effect_003,0;0;0,0;0;0,,0,2.5,3,3,0,255;255;255;255,,,,,0,1;1;1,0;0;0
1420,m_014_canglang4_effect_004,0;2;0,0;0;0,,0,2.4,3,5,0,255;255;255;255,,,,,0,1;1;1,0;0;0
1421,m_014_canglang4_effect_005,2;1.5;0,0;0;0,,0,2.5,0.2,5,0,255;255;255;255,,,,,0,1;1;1,0;0;0
1422,m_014_canglang4_effect_006,0;1;0,0;0;0,,0,2.9,3,5,0,255;255;255;255,,,,,0,1;1;1,0;0;0
1423,m_014_canglang4_effect_007,1;1.5;0,0;0;0,,0,2.9,0.25,5,0,255;255;255;255,,,,,0,1;1;1,0;0;0
1424,m_014_canglang4_effect_008,-1;1;0,0;0;0,,0,3.5,3,5,0,255;255;255;255,,,,,0,1;1;1,0;0;0
1425,m_014_canglang4_effect_009,0;0;0,0;0;0,,0,3.6,3,3,0,255;255;255;255,,,,,0,1;1;1,0;0;0
1426,m_066_canglang6_effect_002,2;1.6;-3,0;0;0,,0,1.7,0.1,5,0,255;255;255;255,,,,,0,1;1;1,0;0;0
1427,m_066_canglang6_effect_002,2;1.6;-3,0;0;0,,0,2.066,0.1,5,0,255;255;255;255,,,,,0,1;1;1,0;0;0
1429,m_014_canglang4_effect_010,1.4;2.5;0,0;0;0,Bip001 Spine,0,0,3,1,0,255;255;255;255,,,,,0,1;1;1,0;0;0
6500,m_065_canglang5_effect_001,0;2;0,0;0;0,,0,1.4,3,5,0,255;255;255;255,,,,,0,1;1;1,0;0;0
6510,m_065_canglang5_effect_002,0;1.8;0,0;0;0,,0,0.5,3,5,0,255;255;255;255,,,,,0,1;1;1,0;0;0
6511,m_065_canglang5_effect_003,-0.5;3;0,0;0;0,,0,1.43,3,5,0,255;255;255;255,,,,,0,1;1;1,0;0;0
6512,m_065_canglang5_effect_004,-0.5;1;0,0;0;0,,0,2.3,3,5,0,255;255;255;255,,,,,0,1;1;1,0;0;0
6513,m_065_canglang5_effect_005,0;0;0,0;0;0,,0,2.35,3,3,0,255;255;255;255,,,,,0,1;1;1,0;0;0
6520,m_065_canglang5_effect_006,-0.5;1;0,0;0;0,,0,1.2,3,5,0,255;255;255;255,,,,,0,1;1;1,0;0;0
6521,m_065_canglang5_effect_007,0;0;0,0;0;0,,0,1.3,3,3,0,255;255;255;255,,,,,0,1;1;1,0;0;0
500,m_005_goblin2_effect_01,0;0;0,0;0;0,,0,0.3,3,5,0,255;255;255;255,,,,,1,1;1;1,0;0;0
511,m_005_goblin2_effect_02,0;0;0,0;0;0,,0,0.35,2.5,1,0,255;255;255;255,,,,,1,1;1;1,0;0;0
512,m_005_goblin2_effect_03,0;0;0,0;0;0,,0,0.35,15,5,0,255;255;255;255,,,,,0,1;1;1,0;0;0
2900,m_029_poxiao1_effect_001,-1;0;0,0;0;0,Bip001,0,0.3,3,4,0,255;255;255;255,,,,,1,-1;-1;-1,0;0;0
2901,m_029_poxiao1_effect_002,-1;0;0,0;0;0,Bip001,0,1,3,4,0,255;255;255;255,,,,,1,-1;-1;-1,0;0;0
2902,m_029_poxiao1_effect_003,1;2.2;0,0;0;0,,0.2,-0.2,1,2,0,255;255;255;255,,,,,1,1;1;1,0;0;0
2910,m_029_poxiao1_effect_004,-1;0;0,0;0;0,Bip001,0,0.3,3,4,0,255;255;255;255,,,,,1,-1;-1;-1,0;0;0
2911,m_029_poxiao1_effect_005,-1;0;0,0;0;0,Bip001,0,1,3,4,0,255;255;255;255,,,,,1,-1;-1;-1,0;0;0
2912,m_029_poxiao1_effect_005,-1;0;0,0;0;0,Bip001,0,1.2,3,4,0,255;255;255;255,,,,,1,-1;-1;-1,0;0;0
2913,m_029_poxiao1_effect_005,-1;0;0,0;0;0,Bip001,0,1.6,3,4,0,255;255;255;255,,,,,1,-1;-1;-1,0;0;0
2914,m_029_poxiao1_effect_006,0;2.2;0,0;0;0,,0.2,0.2,3,2,0,255;255;255;255,,,,,1,1;1;1,0;0;0
2915,m_029_poxiao1_effect_006,-2;2.2;0,0;0;0,,0.2,-0.5,3,2,0,255;255;255;255,,,,,1,1;1;1,0;0;0
2916,m_029_poxiao1_effect_006,-2;2.2;0,0;0;0,,0.2,-0.3,3,2,0,255;255;255;255,,,,,1,1;1;1,0;0;0
10900,h_109_guts_effect_001,0;0;0,0;0;0,Bip001 Prop1,0,0,3,4,0,255;255;255;255,,,,,0,1;1;1,0;0;0
10901,h_109_guts_effect_002_mirror,-1;1;0,0;0;0,,0,0.8,3,5,0,255;255;255;255,,,,,0,1;1;1,0;0;0
10910,h_109_guts_effect_003,0;1.5;-1,0;0;0,,0,0,3,1,0,255;255;255;255,,,,,0,1;1;1,0;0;0
10911,h_109_guts_effect_004_mirror,4;2;0,0;0;0,,0,1.5,3,5,0,255;255;255;255,,,,,0,1;1;1,0;0;0
10912,h_109_guts_effect_005_mirror,1;2.5;0,0;0;0,,0,2,3,5,0,255;255;255;255,,,,,0,1;1;1,0;0;0
10913,h_109_guts_effect_006_mirror,0;2;0,0;0;0,,0,2.75,3,5,0,255;255;255;255,,,,,0,1;1;1,0;0;0
10920,h_109_guts_effect_007,0;1;0,0;0;0,,0,0.35,3,1,0,255;255;255;255,,,,,0,1;1;1,0;0;0
10921,h_109_guts_effect_008,0;0;0,0;0;0,,0,2.933,3,3,0,255;255;255;255,,,,,0,1;1;1,0;0;0
10700,h_107_rose4_effect_001_mirror,0;1.5;0,0;0;0,,0.2,1.6,3,5,0,255;255;255;255,,,,,1,1;1;1,0;0;0
10710,h_107_rose4_effect_003,-1;1.8;0,0;0;0,,0.2,0.9,5,5,0,255;255;255;255,,,,,1,1;1;1,0;0;0
10711,h_107_rose4_effect_004_mirror,0;1.5;0,0;0;0,,0.2,2.15,3,5,0,255;255;255;255,,,,,1,1;1;1,0;0;0
10712,h_107_rose4_effect_005_mirror,0;1.5;0,0;0;0,,0.2,2.67,3,5,0,255;255;255;255,,,,,1,1;1;1,0;0;0
10713,h_107_rose4_effect_006_mirror,0;1.5;0,0;0;0,,0.2,3.3,3,5,0,255;255;255;255,,,,,1,1;1;1,0;0;0
10720,h_107_rose4_effect_007_mirror,-3.3;5;0,0;0;0,,0.2,1,3,5,0,255;255;255;255,,,,,1,1;1;1,0;0;0
11900,h_119_lasser_effect_01,0.5;1.7;0,0;0;0,,0.2,0,3,5,0,255;255;255;255,,,,,1,1;1;1,0;0;0
11901,h_119_lasser_effect_02,0.5;1.7;0,0;0;0,,0.2,1,3,5,0,255;255;255;255,,,,,1,1;1;1,0;0;0
11910,h_119_lasser_effect_03,-3.3;4.5;-1,0;0;0,,0.2,0,5,1,0,255;255;255;255,,,,,1,1;1;1,0;0;0
11911,h_119_lasser_effect_04_mirror,0;0;0,0;0;0,,0.2,3.7,3,5,0,255;255;255;255,,,,,1,1;1;1,0;0;0
11920,h_119_lasser_effect_05,0;0;0,0;0;0,,0.2,0,3,5,0,255;255;255;255,,,,,0,1;1;1,0;0;0
11921,h_119_lasser_effect_06,3;1;0,0;0;0,,0.2,1.2,3,1,0,255;255;255;255,,,,,1,1;1;1,0;0;0
3100,m_031_poxiao3_effect_001,-0.2;-1.3;0,0;0;0,Bip001_R,0.2,1.2,3,4,0,255;255;255;255,,,,,1,-1;-1;-1,0;0;180
3101,m_031_poxiao3_effect_002,0;0;0,0;0;0,,0.2,-0.3,3,2,0,255;255;255;255,,,,,1,1;1;1,0;0;0
3110,m_031_poxiao3_effect_003,-0.2;-1.3;0,0;0;0,Bip001_R,0.2,0.8,3,4,0,255;255;255;255,,,,,1,-1;-1;-1,180;0;0
3111,m_031_poxiao3_effect_004,0;0;0,0;0;0,,0.35,0.2,3,2,0,255;255;255;255,,,,,1,1;1;1,0;0;0
14600,h_146_fei_effect_001_mirror,0;2.5;0,0;0;0,,0.2,0.5,3,5,0,255;255;255;255,,,,,1,1;1;1,0;0;0
14601,h_146_fei_effect_002,0;0;0,0;0;0,,0.2,0.2,3,2,0,255;255;255;255,,,,,1,0;0;0,0;0;0
14610,h_146_fei_effect_003,0;0;0,0;0;0,Bip001 Prop2,0.2,0.3,2,4,0,255;255;255;255,,,,,1,-1;-1;-1,0;0;0
14611,h_146_fei_effect_004,0.5;1.3;0,0;0;0,,0.2,1.3,3,5,0,255;255;255;255,,,,,1,1;1;1,0;0;0
14612,h_146_fei_effect_005_mirror,-0.1;1;0,0;0;0,,0.2,2.2,3,5,0,255;255;255;255,,,,,1,1;1;1,0;0;0
14613,h_146_fei_effect_006_mirror,-0.1;1;0,0;0;0,,0.2,2.3,3,5,0,255;255;255;255,,,,,1,0;0;0,0;0;0
14614,h_146_fei_effect_007_mirror,0;1.1;0,0;0;0,,0.2,2.7,3,10,0,255;255;255;255,,,,,1,1;1;1,0;0;0
14615,h_146_fei_effect_008,0.5;1.3;0,0;0;0,,0.2,2.4,3,5,0,255;255;255;255,,,,,1,1;1;1,0;0;0
14616,h_146_fei_effect_013,0.5;1.3;0,0;0;0,,0.2,1.5,3,5,0,255;255;255;255,,,,,1,1;1;1,0;0;0
14617,h_146_fei_effect_014,0.8;2.4;0,0;0;0,,0.2,3,3,5,0,255;255;255;255,,,,,1,1;1;1,0;0;0
14620,h_146_fei_effect_009,-0.7;1.4;0,0;0;0,,0.2,1.2,3,1,0,255;255;255;255,,,,,1,1;1;1,0;0;0
14621,h_146_fei_effect_010,1;1;0,0;0;0,,0.2,1.7,3,1,0,255;255;255;255,,,,,1,1;1;1,0;0;0
14622,h_146_fei_effect_011,0;0;1,0;0;0,Bip001 Prop1,0.2,2,1.5,4,0,255;255;255;255,,,,,1,1;1;1,0;0;0
14623,h_146_fei_effect_012,1.2;2.5;0,0;0;0,,0.2,2,3,5,0,255;255;255;255,,,,,1,1;1;1,0;0;0
14624,h_146_fei_effect_015,0.2;2.7;0,0;0;0,,0.2,2.5,3,5,0,255;255;255;255,,,,,1,1;1;1,0;0;0
14625,h_146_fei_effect_016,1.2;2.5;0,0;0;0,,0.2,2,3,5,0,255;255;255;255,,,,,1,0;0;0,0;0;0
3400,m_034_poxiao6_effect_01,-0.6;1.95;-1,0;0;0,,0.1,0.4,1,5,0,255;255;255;255,,,,,1,1;1;1,0;0;0
3401,m_034_poxiao6_effect_02,0;1.5;0,-2;0;0,,0.2,0,0.2,2,0,255;255;255;255,,,,,0,1;1;1,0;0;0
3410,m_034_poxiao6_effect_03,0;2.3;-1,0;0;0,,0.2,0.8,1,5,0,255;255;255;255,,,,,1,1;1;1,0;0;0
3411,m_034_poxiao6_effect_04,0;2.3;-1,0;0;0,,0.2,1.4,1,5,0,255;255;255;255,,,,,1,1;1;1,0;0;0
3412,m_034_poxiao6_effect_05,0;2;-1,0;0;0,,0.2,2,2,5,0,255;255;255;255,,,,,1,1;1;1,0;0;0
3413,m_034_poxiao6_effect_06,3.5;1.8;0,0;0;0,,0.2,1.8,0.5,1,0,255;255;255;255,,,,,1,1;1;1,0;0;0
3414,m_034_poxiao6_effect_07,0;1.5;0,-2;0;0,,0.2,0,0.2,2,0,255;255;255;255,,,,,0,1;1;1,0;0;0
3415,m_034_poxiao6_effect_08,0;1.5;0,-2;0;0,,0.2,0,0.2,2,0,255;255;255;255,,,,,0,1;1;1,0;0;0
3416,m_034_poxiao6_effect_09,0;1.5;0,-2;0;0,,0.2,0,0.2,2,0,255;255;255;255,,,,,0,1;1;1,0;0;0
3200,m_032_poxiao4_effect_001,0;0.5;0,0;0;0,Effect_weapon02,0.075,0.4,1,10,0,255;255;255;255,,,,,1,1;1;1,0;0;0
3210,m_032_poxiao4_effect_002,0;1;-0.5,0;0;0,Effect_weapon02,0.075,0,1,1,0,255;255;255;255,,,,,1,1;1;1,0;0;0
3211,m_032_poxiao4_effect_003,-1.5;1.7;0,0;0;0,Bip001 R Hand,0.075,0.8,1,1,0,255;255;255;255,,,,,0,1;1;1,0;0;0
3212,m_032_poxiao4_effect_004,1;1.5;0,0;0;0,Effect_weapon02,0.075,1.8,2,5,0,255;255;255;255,,,,,1,1;1;1,0;0;0
3220,m_032_poxiao4_effect_005,0;1.5;-0.3,0;0;0,Bip001 Spine,0.075,0.2,5,1,0,255;255;255;255,,,,,1,1;1;1,0;0;0
3221,m_032_poxiao4_effect_006,-1;1.7;0,0;0;0,Bip001 Spine,0.075,1.8,5,5,0,255;255;255;255,,,,,1,1;1;1,0;0;0
3213,m_032_poxiao4_effect_007,0;0;0,0;0;0,Effect_spine,0.075,0,1,4,0,255;255;255;255,,,,,1,1;1;1,0;0;0
3214,m_032_poxiao4_effect_008,0;2;0,0;4;0,Effect_weapon02,0.075,2,5,3,0,255;255;255;255,,,,,1,0;0;0,0;0;0
20100,p_artillery_effect_009,0;0.5;1.05,0;0;0,Effect_weapon07,0.3,0.7,1.2,4,0,255;255;255;255,,,,,1,-1;-1;-1,180;0;0
20101,p_artillery_effect_010,0;0;1.5,1;0;0,Bip001 Wp01,0.3,0,1,4,0,255;255;255;255,,,,,1,1;1;1,0;0;0
20102,p_artillery_effect_015,0;1.2;0,0;2.5;0,Effect_spine,0.3,-0.2,0.2,9,0,255;255;255;255,,,,,0,1;1;1,0;0;0
20103,p_artillery_effect_016,0;0;0,0;0;0,Effect_spine,0.075,-0.2,1,5,0,255;255;255;255,,,,,1,0;0;0,0;0;0
20104,p_artillery_effect_017,0;0;0,0;0;0,Effect_spine,0.075,0,0.3,5,0,255;255;255;255,,,,,1,1;1;1,0;0;0
20105,p_artillery_effect_014,0;0;1.5,0;0;0,Bip001 Wp01,0.075,0.2,2,4,0,255;255;255;255,,,,,1,1;1;1,0;0;0
20110,p_artillery_effect_001,0;0;0,0;0;0,Bip001_thruster_03,0.2,0,2,4,0,255;255;255;255,,,,,1,1;1;1,0;0;0
20111,p_artillery_effect_002,0;0;0,0;0;0,Effect_thruster_01,0.2,0,5,4,0,255;255;255;255,,,,,1,1;1;1,0;0;0
20112,p_artillery_effect_003,0;0;0,0;0;0,Effect_thruster_02,0.2,0,5,4,0,255;255;255;255,,,,,1,1;1;1,0;0;0
20113,p_artillery_effect_004,0;0;1.85,0;0;0,Bip001 Wp01,0.2,3.2,1,4,0,255;255;255;255,,,,,1,1;1;1,0;0;0
20114,p_artillery_effect_005,0;0;1.85,0;0;0,Bip001 Wp01,0.2,4.2,3,4,0,255;255;255;255,,,,,1,1;1;1,0;0;0
20115,p_artillery_effect_006,0;0;0,0;0;0,,0.2,0,4,5,0,255;255;255;255,,,,,1,0;0;0,0;0;0
20116,p_artillery_effect_007,0;0;0,0;0;0,,0.2,4.4,1.2,3,0,255;255;255;255,,,,,1,1;1;1,0;0;0
20117,p_artillery_effect_008,0;0;0,0;0;0,,0.2,5.6,3,3,0,255;255;255;255,,,,,1,1;1;1,0;0;0
20120,p_artillery_effect_011,0;0;0,0;0;0,Bip001 Wp01,0.2,2,20,4,0,255;255;255;255,,,,,1,-1;-1;-1,180;0;0
20121,p_artillery_effect_012,0;0;0,0;0;0,Bip001_Wp01__01,0.2,2,20,4,0,255;255;255;255,,,,,1,1;1;1,0;0;0
20122,p_artillery_effect_013,0;0;0,0;0;0,Bip001_Wp01__04,0.2,2,20,4,0,255;255;255;255,,,,,1,1;1;1,0;0;0
20123,p_artillery_effect_018,0;0;0,0;0;0,Effect_spine,0.075,0.2,2,1,0,255;255;255;255,,,,,1,1;1;1,0;0;0
20124,p_artillery_effect_019,0;1;1.05,0;0;0,Effect_weapon07,0.075,1,2,4,0,255;255;255;255,,,,,1,-1;-1;-1,180;0;0
10820,h_108_adair_effect_004,0;0;0,0;0;0,Bip001 Prop2,0.2,0.8,0.5,4,0,255;255;255;255,,,,,1,-1;-1;-1,0;0;0
10821,h_108_adair_effect_005,3;1;0,0;0;0,,0.2,1,3,5,0,255;255;255;255,,,,,1,1;1;1,0;0;0
10822,h_108_adair_effect_008,0;0;0,0;0;0,Bip001 Prop2,0.2,0,3,4,0,255;255;255;255,,,,,1,-1;-1;-1,0;0;0
10800,h_108_adair_effect_006,0;2;0,0;0;0,,0.2,0.7,3,5,0,255;255;255;255,,,,,1,0;0;0,0;0;0
10801,h_108_adair_effect_007,0;1;0,0;0;0,,0.2,0.77,3,5,0,255;255;255;255,,,,,1,1;1;1,0;0;0
10802,h_108_adair_effect_00,0;0;0,0;0;0,Bip001 Prop1,0.2,0.5,3,4,0,255;255;255;255,,,,,1,1;1;1,0;0;0
3300,m_033_poxiao5_effect_01,0;1.5;0,0;0;0,,0.2,0,0.8,5,0,255;255;255;255,,,,,0,1;1;1,0;0;0
3310,m_033_poxiao5_effect_02,-0.5;0;0,0;0;0,,0.2,0.8,3,5,0,255;255;255;255,,,,,0,1;1;1,0;0;0
3311,m_033_poxiao5_effect_03,0;0;0,0;0;0,,0.2,1.2,3,5,0,255;255;255;255,,,,,1,0;0;0,0;0;0
3312,m_033_poxiao5_effect_04,0;0;0,0;0;0,,0.2,5.6,3,3,0,255;255;255;255,,,,,1,0;0;0,0;0;0
3313,m_033_poxiao5_effect_05,0;0;0,0;0;0,,0.2,2.2,3,3,0,255;255;255;255,,,,,1,1;1;1,0;0;0
3320,m_033_poxiao5_effect_06,0;0;0,0;0;0,Bip001 R Hand,0.2,0.5,3,4,0,255;255;255;255,,,,,1,1;1;1,0;0;0
3321,m_033_poxiao5_effect_07,0;0;0,0;0;0,Bip001 R Hand,0.2,1,20,4,0,255;255;255;255,,,,,1,1;1;1,0;0;0
3322,m_033_poxiao5_effect_08,0;0;0,0;0;0,Bip001 L Hand,0.2,0.5,3,4,0,255;255;255;255,,,,,1,1;1;1,0;0;0
3323,m_033_poxiao5_effect_09,0;0;0,0;0;0,Bip001 L Hand,0.2,1,20,4,0,255;255;255;255,,,,,1,1;1;1,0;0;0
12410,h_124_ella_effect_01,0;0;0,0;0;0,,0.2,0,5,1,0,255;255;255;255,,,,,1,1;1;1,0;0;0
12411,h_124_ella_effect_02,0;0;0,0;0;0,Bip001_bone14,0.2,2,3,4,0,255;255;255;255,,,,,0,-1;-1;-1,0;0;0
12412,h_124_ella_effect_03,0;0;0,0;0;0,Bip001_bone20,0.2,2,3,4,0,255;255;255;255,,,,,0,-1;-1;-1,0;0;0
12413,h_124_ella_effect_04,0;0.5;3,0;0;0,Effect_Root,0.2,3.1,3,4,0,255;255;255;255,,,,,1,-1;-1;-1,180;0;0
12420,h_124_ella_effect_05,1;1;0,0;0;0,Effect_Root,0.2,0.5,3,4,0,255;255;255;255,,,,,0,-1;-1;-1,0;0;0
12421,h_124_ella_effect_06,0.5;4.5;0,0;0;0,Effect_Root,0.2,1.7,2,4,0,255;255;255;255,,,,,0,-1;-1;-1,0;0;0
12422,h_124_ella_effect_07,0;2.8;0,0;0;0,Effect_Root,0.2,2.5,3,4,0,255;255;255;255,,,,,0,-1;-1;-1,0;0;0
12423,h_124_ella_effect_chenmo,0;0.3;0,0;0;0,Effect_head,0.2,0,10,4,0,255;255;255;255,,,,,0,1;1;1,0;0;0
12424,h_124_ella_effect_mofang,0;0;-0.3,0;0;0,Bip001,0.2,0,20,4,0,255;255;255;255,,,,,1,1;1;1,0;0;0
12910,h_129_xueli_effect_01,0;0;0,0;0;0,,0.2,2,3,3,0,255;255;255;255,,,,,0,1;1;1,0;0;0
12911,h_129_xueli_effect_02,0;1.5;0,0;0;0,Effect_spine,0.2,3.4,1,10,0,255;255;255;255,,,,,0,1;1;1,0;0;0
12920,h_129_xueli_effect_03,0;1.2;0,0;0;0,,0.2,0,7,1,0,255;255;255;255,,,,,1,1;1;1,0;0;0
12921,h_129_xueli_effect_beidong,0;0;0,0;0;0,,0.2,0,5,1,0,255;255;255;255,,,,,1,0;0;0,0;0;0
12922,h_129_xueli_effect_jianfang,0;0.5;-0.2,0;0;0,Effect_head,0.2,0,20,4,0,255;255;255;255,,,,,0,1;1;1,0;0;0
12923,h_129_xueli_effect_mogongjiangdi,0;0.5;-0.2,0;0;0,Effect_spine,0.2,0,20,4,0,255;255;255;255,,,,,0,1;1;1,0;0;0
3000,m_030_poxiao2_effect_01,-0.5;1.8;0,0;0;0,,0.2,0,3,1,0,255;255;255;255,,,,,1,1;1;1,0;0;0
3001,m_030_poxiao2_effect_02,0;0.5;0,0;0;0,,0.7,0,5,2,0,255;255;255;255,,,,,1,1;1;1,0;0;0
3010,m_030_poxiao2_effect_03,0;0;0,0;0;0,Effect_weapon01,0.2,0.5,1,4,0,255;255;255;255,,,,,1,1;1;1,0;0;0
3011,m_030_poxiao2_effect_04,0;1.5;0,0;0;0,,0.2,0.05,3,1,0,255;255;255;255,,,,,1,1;1;1,0;0;0
3012,m_030_poxiao2_effect_05,0;0.5;0,0;0;0,,0.5,0,5,2,0,255;255;255;255,,,,,1,0;0;0,0;0;0
3500,m_035_poxiao7_effect_01,1.5;1.5;0,0;0;0,,0.2,0.4,1,5,0,255;255;255;255,,,,,1,1;1;1,0;0;0
3501,m_035_poxiao7_effect_02,0;0;0,0;0;0,,0.2,0.7,1,5,0,255;255;255;255,,,,,1,1;1;1,0;0;0
3510,m_035_poxiao7_effect_03,0;2;0,0;0;0,Effect_center,0.2,0.7,2,1,0,255;255;255;255,,,,,1,1;1;1,0;0;0
3511,m_035_poxiao7_effect_04,0;0;0,0;0;0,Bip001,0.2,1.3,5,1,0,255;255;255;255,,,,,1,1;1;1,0;0;0
3520,m_035_poxiao7_effect_05,0;0;0,0;0;0,,0.2,1.2,5,1,0,255;255;255;255,,,,,1,1;1;1,0;0;0
3521,m_035_poxiao7_effect_fantan,0;0.5;0,0;0;0,,0.2,0,20,5,0,255;255;255;255,,,,,1,1;1;1,0;0;0
20200,p_gunner_effect_01,0;0;0,0;0;0,Effect_04_Hit_001,0.2,0.4,5,4,0,255;255;255;255,,,,,1,-1;-1;-1,0;180;0
20201,p_gunner_effect_01,0;0;0,0;0;0,Effect_04_Hit_002,0.2,0.55,5,4,0,255;255;255;255,,,,,1,-1;-1;-1,0;180;0
20202,p_gunner_effect_01,0;0;0,0;0;0,Effect_04_Hit_003,0.2,0.85,5,4,0,255;255;255;255,,,,,1,-1;-1;-1,0;180;0
20210,p_gunner_effect_04,0;0;0,0;0;0,Bip001 Wp02,0.2,0,3.2,4,0,255;255;255;255,,,,,1,-1;-1;-1,0;180;0
20211,p_gunner_effect_05,0;0;0,0;0;0,Bip001 Wp01,0.2,0,3.2,4,0,255;255;255;255,,,,,1,-1;-1;-1,0;180;0
20212,p_gunner_effect_06,0;0;0,0;0;0,Effect_04_wp_01,0.2,-0.5,5,1,0,255;255;255;255,,,,,1,-1;-1;-1,0;180;0
20213,p_gunner_effect_07,0;0;0,0;0;0,Effect_04_wp_01,0.2,0,3,1,0,255;255;255;255,,,,,1,-1;-1;-1,0;180;0
20214,p_gunner_effect_01,0;0;0,0;0;0,Effect_04_Skill_001,0.2,2.03,1,4,0,255;255;255;255,,,,,1,-1;-1;-1,0;180;0
20215,p_gunner_effect_01,0;0;0,0;0;0,Effect_04_Skill_002,0.2,2.166,1,4,0,255;255;255;255,,,,,1,-1;-1;-1,0;180;0
20216,p_gunner_effect_01,0;0;0,0;0;0,Effect_04_Skill_003,0.2,2.4,1,4,0,255;255;255;255,,,,,1,-1;-1;-1,0;180;0
20217,p_gunner_effect_01,0;0;0,0;0;0,Effect_04_Skill_004,0.2,2.6,1,4,0,255;255;255;255,,,,,1,-1;-1;-1,0;180;0
20218,p_gunner_effect_01,0;0;0,0;0;0,Effect_04_Skill_005,0.2,2.7,1,4,0,255;255;255;255,,,,,1,-1;-1;-1,0;180;0
20219,p_gunner_effect_01,0;0;0,0;0;0,Effect_04_Skill_006,0.2,2.733,1,4,0,255;255;255;255,,,,,1,-1;-1;-1,0;180;0
20220,p_gunner_effect_01,0;0;0,0;0;0,Effect_04_Skill_007,0.2,2.833,1,4,0,255;255;255;255,,,,,1,-1;-1;-1,0;180;0
20221,p_gunner_effect_01,0;0;0,0;0;0,Effect_04_Skill_008,0.2,2.933,1,4,0,255;255;255;255,,,,,1,-1;-1;-1,0;180;0
20222,p_gunner_effect_01,0;0;0,0;0;0,Effect_04_Skill_009,0.2,3.2,1,4,0,255;255;255;255,,,,,1,-1;-1;-1,0;180;0
20223,p_gunner_effect_01,0;0;0,0;0;0,Effect_04_Skill_010,0.2,3.167,1,4,0,255;255;255;255,,,,,1,-1;-1;-1,0;180;0
20224,p_gunner_effect_01,0;0;0,0;0;0,Effect_04_Skill_012,0.2,3.3,1,4,0,255;255;255;255,,,,,1,-1;-1;-1,0;180;0
20225,p_gunner_effect_01,0;0;0,0;0;0,Effect_04_Skill_013,0.2,3.4,1,4,0,255;255;255;255,,,,,1,-1;-1;-1,0;180;0
20226,p_gunner_effect_01,0;0;0,0;0;0,Effect_04_Skill_014,0.2,3.5,1,4,0,255;255;255;255,,,,,1,-1;-1;-1,0;180;0
20227,p_gunner_effect_01,0;0;0,0;0;0,Effect_04_Skill_015,0.2,3.733,1,4,0,255;255;255;255,,,,,1,-1;-1;-1,0;180;0
20228,p_gunner_effect_01,0;0;0,0;0;0,Effect_04_Skill_016,0.2,3.866,1,4,0,255;255;255;255,,,,,1,-1;-1;-1,0;180;0
20229,p_gunner_effect_20,0;0;0,0;0;0,Effect_04_wp_02,0.2,4,1,4,0,255;255;255;255,,,,,1,-1;-1;-1,0;180;0
20230,p_gunner_effect_21,0;0;0,0;0;0,Effect_04_wp_02,0.2,4.2,1,4,0,255;255;255;255,,,,,1,-1;-1;-1,0;180;0
20231,p_gunner_effect_22,0;0;0,0;0;0,Bip001 Wp02,0.2,1.3,5,1,0,255;255;255;255,,,,,1,-1;-1;-1,0;180;0
20232,p_gunner_effect_23,0;0;0,0;0;0,Bip001 Wp01,0.2,0,1,4,0,255;255;255;255,,,,,1,-1;-1;-1,0;180;0
20233,p_gunner_effect_24,0;0;0,0;0;0,Bip001 Wp02,0.2,1.55,1,1,0,255;255;255;255,,,,,1,-1;-1;-1,0;180;0
20234,p_gunner_effect_01,0;0;0,0;0;0,Effect_04_Skill2_001,0.2,1.766,1,4,0,255;255;255;255,,,,,1,-1;-1;-1,0;180;0
20235,p_gunner_effect_01,0;0;0,0;0;0,Effect_04_Skill2_002,0.2,1.9,1,4,0,255;255;255;255,,,,,1,-1;-1;-1,0;180;0
20236,p_gunner_effect_01,0;0;0,0;0;0,Effect_04_Skill2_003,0.2,1.967,1,4,0,255;255;255;255,,,,,1,-1;-1;-1,0;180;0
20237,p_gunner_effect_01,0;0;0,0;0;0,Effect_04_Skill2_004,0.2,2.1,1,4,0,255;255;255;255,,,,,1,-1;-1;-1,0;180;0
20238,p_gunner_effect_01,0;0;0,0;0;0,Effect_04_Skill2_005,0.2,1.85,1,4,0,255;255;255;255,,,,,1,-1;-1;-1,0;180;0
20239,p_gunner_effect_01,0;0;0,0;0;0,Effect_04_Skill2_006,0.2,2.3,1,4,0,255;255;255;255,,,,,1,-1;-1;-1,0;180;0
20240,p_gunner_effect_01,0;0;0,0;0;0,Effect_04_Skill2_007,0.2,2.367,1,4,0,255;255;255;255,,,,,1,-1;-1;-1,0;180;0
20241,p_gunner_effect_01,0;0;0,0;0;0,Effect_04_Skill2_008,0.2,2.5,1,4,0,255;255;255;255,,,,,1,-1;-1;-1,0;180;0
20242,p_gunner_effect_01,0;0;0,0;0;0,Effect_04_Skill2_009,0.2,2.666,1,4,0,255;255;255;255,,,,,1,-1;-1;-1,0;180;0
20243,p_gunner_effect_34,0;0;0,0;0;0,Effect_Root,0.2,1,5,1,0,255;255;255;255,,,,,1,-1;-1;-1,0;180;0
20244,p_gunner_effect_35,0;0;0,0;0;0,Bip001_04_bone02,0.2,3.2,5,4,0,255;255;255;255,,,,,1,-1;-1;-1,0;180;0
20245,p_gunner_effect_36,0;0;0,0;0;0,Bip001_04_bone03,0.2,3.2,2,4,0,255;255;255;255,,,,,1,-1;-1;-1,0;180;0
20246,p_gunner_effect_37,0;0;0,0;0;0,Bip001_04_bone10,0.2,3.2,5,4,0,255;255;255;255,,,,,1,-1;-1;-1,0;180;0
20247,p_gunner_effect_38,0;0;0,0;0;0,Effect_04_wp_02,0.2,4,5,4,0,255;255;255;255,,,,,1,-1;-1;-1,0;180;0
20248,p_gunner_effect_39,0;0;0,0;0;0,Effect_04_wp_01,0.2,0.85,5,4,0,255;255;255;255,,,,,1,-1;-1;-1,0;180;0
20249,p_gunner_effect_08,0;0;0,0;0;0,Bip001 L Hand,0.2,0,5,4,0,255;255;255;255,,,,,1,-1;-1;-1,0;180;0
20250,p_gunner_effect_09,0;0;0,0;0;0,Effect_Root,0.2,0,5,4,0,255;255;255;255,,,,,1,-1;-1;-1,0;180;180
20251,p_gunner_effect_10,0;0;0,0;0;0,Effect_Root,0.2,0,5,4,0,255;255;255;255,,,,,1,-1;-1;-1,0;0;180
20252,p_gunner_effect_08,0;0;0,0;0;0,Bip001 R Hand,0.2,0,5,4,0,255;255;255;255,,,,,1,-1;-1;-1,0;180;0
13710,h_137_youyu_effect_02,0;0;0,0;0;0,Effect_04_wp_01,0.2,0.05,1,5,0,255;255;255;255,,,,,1,-1;-1;-1,0;180;0
13711,h_137_youyu_effect_04,0;0;0,0;0;0,Bip001 L Finger1,0.2,1.6,1,4,0,255;255;255;255,,,,,1,-1;-1;-1,0;180;0
13712,h_137_youyu_effect_04,0;0;0,0;0;0,Bip001 R Finger2,0.2,1.6,1,4,0,255;255;255;255,,,,,1,-1;-1;-1,0;180;0
13720,h_137_youyu_effect_03,0;0;0,0;0;0,Effect_handright,0.2,2.05,2,4,0,255;255;255;255,,,,,1,-1;-1;-1,0;-40;0
13721,h_137_youyu_effect_04,0;0;0,0;0;0,Bip001 R Finger2,0.2,1.6,5,4,0,255;255;255;255,,,,,1,-1;-1;-1,0;180;0
13722,h_137_youyu_effect_beidong,0;0;0,0;0;0,Bip001 R Finger2,0.2,1.6,5,4,0,255;255;255;255,,,,,1,-1;-1;-1,0;180;0
6310,m_063_lajiao_effect_01,0;0.2;0.2,0;0;0,Effect_center,0.2,1.5,1,4,0,255;255;255;255,,,,,1,-1;-1;-1,0;0;180
5810,m_058_chest_effect_01,1.5;2.5;0,0;0;0,Effect_camera_root,0.2,2.8,5,5,0,255;255;255;255,,,,,1,-1;-1;-1,0;180;0
5811,m_058_chest_effect_02,0.5;3;-1,0;0;0,Bip001 R Finger2,0.2,2,1,5,0,255;255;255;255,,,,,1,-1;-1;-1,0;180;0
5812,m_058_chest_effect_03,0;0;-0.3,0;0;0,Effect_spine,0.2,0,1,4,0,255;255;255;255,,,,,0,-1;-1;-1,0;180;0
10410,h_104_droa_effect_01,-0.5;1.5;0,0;0;0,Bip001 R Finger2,0.2,0.6,5,5,0,255;255;255;255,,,,,1,-1;-1;-1,0;180;0
10411,h_104_droa_effect_02,0;1.5;0,0;0;0,Bip001 Spine,0.2,2.3,2,5,0,255;255;255;255,,,,,1,-1;-1;-1,0;180;0
10412,h_104_droa_effect_03,0;1.5;0,0;0;0,Bip001 R Finger2,0.2,2.5,2,5,0,255;255;255;255,,,,,1,-1;-1;-1,0;180;0
10413,h_104_droa_effect_04,0;1.2;0,0;0;0,Bip001 R Finger2,0.2,4.1,2,5,0,255;255;255;255,,,,,1,-1;-1;-1,0;180;0
10414,h_104_droa_effect_09,0;1.5;0,0;0;0,Bip001 R Finger2,0.2,2.7,2,5,0,255;255;255;255,,,,,1,-1;-1;-1,0;180;0
10415,h_104_droa_effect_02,0;1.5;0,0;0;0,Bip001 Spine,0.2,3.1,2,5,0,255;255;255;255,,,,,1,-1;-1;-1,0;180;0
10420,h_104_droa_effect_05,0;0;0,0;0;0,Bip001 Prop2,0.2,1.2,2,4,0,255;255;255;255,,,,,1,-1;-1;-1,0;180;0
10421,h_104_droa_effect_06,0;0;0,0;0;0,Effect_weapon03,0.2,1.2,2,4,0,255;255;255;255,,,,,1,-1;-1;-1,0;180;0
10422,h_104_droa_effect_07,0;0;0,0;0;0,Bip001 R Finger2,0.2,0,2,5,0,255;255;255;255,,,,,1,-1;-1;-1,0;180;0
10423,h_104_droa_effect_08,0;0.5;0,0;0;0,Bip001 R Finger2,0.2,0,2,5,0,255;255;255;255,,,,,1,-1;-1;-1,0;180;0
1610,m_016_jingling2_effect_01,0;0;0,0;0;0,Bip001 Prop1,0.2,1.9,2,4,0,255;255;255;255,,,,,1,-1;-1;-1,0;0;180
1611,m_016_jingling2_effect_01,0;0;0,0;0;0,Bip001 Prop1,0.2,2.1,2,4,0,255;255;255;255,,,,,1,-1;-1;-1,0;0;180
1612,m_016_jingling2_effect_01,0;0;0,0;0;0,Bip001 Prop1,0.2,2.45,2,4,0,255;255;255;255,,,,,1,-1;-1;-1,0;0;180
1613,m_016_jingling2_effect_02,0;0;0,0;0;0,Bip001 R Finger2,0.2,0,2,1,0,255;255;255;255,,,,,1,-1;-1;-1,0;180;0
1620,m_016_jingling2_effect_03,0;0;0,0;0;0,Bip001 R Finger2,0.2,1.4,2,1,0,255;255;255;255,,,,,1,-1;-1;-1,0;180;0
1621,m_016_jingling2_effect_04,0;0;0,0;0;0,Bip001 Spine,0.2,0.8,10,4,0,255;255;255;255,,,,,1,-1;-1;-1,0;180;0
12510,h_125_maid_effect_01,-0.3;0.4;0.3,0;0;0,Bip001 L Hand,0.2,0.8,1,4,0,255;255;255;255,,,,,1,-1;-1;-1,0;180;0
12511,h_125_maid_effect_02,0;0;0,0;0;0,Bip001 Spine,0.2,0,1,5,0,255;255;255;255,,,,,1,-1;-1;-1,0;180;0
12512,h_125_maid_effect_03,0.3;0.8;0,0;0;0,Bip001 L Hand,0.2,2.46,1,10,0,255;255;255;255,,,,,1,-1;-1;-1,0;180;0
12513,h_125_maid_effect_04,-0.3;-1;0,0;0;0,Bip001 L Hand,0.2,2.9,1,10,0,255;255;255;255,,,,,1,-1;-1;-1,0;180;0
12520,h_125_maid_effect_05,0;0;0,0;0;0,Bip001,0.2,0.9,5,5,0,255;255;255;255,,,,,1,-1;-1;-1,0;180;0
12521,h_125_maid_effect_beidong,0;0;0,0;0;0,Bip001,0.2,0.9,5,5,0,255;255;255;255,,,,,1,-1;-1;-1,0;180;0
12522,h_125_maid_effect_06,0.2;0;0.98,0;0;0,Effect_Root,0.2,0,5,4,0,255;255;255;255,,,,,1,-1;-1;-1,0;180;0
12523,h_125_maid_effect_07,0;0;0,0;0;0,Bip001 L Hand,0.2,0.8,1,4,0,255;255;255;255,,,,,1,-1;-1;-1,0;180;0
13110,h_131_shixiang_effect_02,0;0;0,0;0;0,Effect_weapon01,0.2,2.3,3,4,0,255;255;255;255,,,,,1,-1;-1;-1,0;180;0
13111,h_131_shixiang_effect_03,1;1.7;0,0;0;0,Bip001,0.2,3.4,2,5,0,255;255;255;255,,,,,1,-1;-1;-1,0;180;0
13112,h_131_shixiang_effect_04,0;-1;0,0;0;0,Bip001,0.2,0,1,5,0,255;255;255;255,,,,,1,-1;-1;-1,0;180;0
13120,h_131_shixiang_effect_05,0;0;0,0;0;0,Bip001 Spine,0.2,1,5,1,0,255;255;255;255,,,,,1,-1;-1;-1,0;180;0
13121,h_131_shixiang_effect_06,0;0;0,0;0;0,Bip001,0.2,1.7,5,1,0,255;255;255;255,,,,,1,-1;-1;-1,0;180;0
13124,h_131_shixiang_effect_07,0;0;0,0;0;0,Bip001,0.2,3.5,5,3,0,255;255;255;255,,,,,1,1;1;1,0;180;0
13122,h_131_shixiang_effect_beidong,0;0;0,0;0;0,Effect_weapon01,0.2,0,20,4,0,255;255;255;255,,,,,1,-1;-1;-1,0;180;0
13123,buff_mianyi_chengmo,0;0;0,0;0;0,Effect_Root,0.2,0,20,4,0,255;255;255;255,,,,,1,-1;-1;-1,0;180;0
13310,h_133_jierjia_effect_02,0;0;0,0;0;0,Bip001,0.2,0,5,5,0,255;255;255;255,,,,,1,-1;-1;-1,0;180;0
13320,h_133_jierjia_effect_03,0;0;0,0;0;0,Bip001,0.2,0,2,1,0,255;255;255;255,,,,,1,-1;-1;-1,0;180;0
13321,h_133_jierjia_effect_04,0;0;0,0;0;0,Bip001,0.2,0,5,1,0,255;255;255;255,,,,,1,-1;-1;-1,0;180;0
13322,h_133_jierjia_effect_beidong,0;0;0,0;0;0,Bip001,0.2,1,2,5,0,255;255;255;255,,,,,1,-1;-1;-1,0;180;0
13410,h_134_mayi_effect_01,2.5;1.8;0,0;0;0,Bip001,0.2,0.8,2,5,0,255;255;255;255,,,,,1,-1;-1;-1,0;180;0
13411,h_134_mayi_effect_02,0;0;0,0;0;0,Bip001,0.2,2.3,2,10,0,255;255;255;255,,,,,1,-1;-1;-1,0;180;0
13412,h_134_mayi_effect_03,2.5;2;0,0;0;0,Bip001,0.2,2.35,2,5,0,255;255;255;255,,,,,1,-1;-1;-1,0;180;0
13420,h_134_mayi_effect_04,0;0;0,0;0;0,Effect_weapon01,0.2,0.5,2.3,4,0,255;255;255;255,,,,,1,-1;-1;-1,180;0;0
13421,h_134_mayi_effect_05,0;0;0,0;0;0,Bip001,0.2,2.5,2,5,0,255;255;255;255,,,,,1,-1;-1;-1,0;180;0
13400,h_134_mayi_effect_06,0;0;0,0;0;0,Bip001,0.2,0.7,2,5,0,255;255;255;255,,,,,1,-1;-1;-1,0;180;0
13402,h_134_mayi_effect_07,0;0;0,0;0;0,Bip001,0.2,0.1,2,1,0,255;255;255;255,,,,,1,-1;-1;-1,0;180;0
13401,h_134_mayi_effect_beidong,0;0;0,0;0;0,Bip001,0.2,0.7,2,5,0,255;255;255;255,,,,,1,-1;-1;-1,0;180;0
13610,h_136_yingli_effect_01,0;0;0,0;0;0,Effect_weapon01,0.2,1,4,4,0,255;255;255;255,,,,,1,-1;-1;-1,0;180;0
13611,h_136_yingli_effect_02,0;0;0,0;0;0,Effect_weapon02,0.2,1,4,4,0,255;255;255;255,,,,,1,-1;-1;-1,0;180;0
13612,h_136_yingli_effect_03,0;0;0,0;0;0,Bip001 Spine,0.2,1,4,4,0,255;255;255;255,,,,,1,-1;-1;-1,0;180;0
13613,h_136_yingli_effect_04,0;0;0,0;0;0,Bip001,0.2,3,2,5,0,255;255;255;255,,,,,1,-1;-1;-1,0;180;0
13620,h_136_yingli_effect_05,-6;1;0,0;0;0,Bip001,0.2,1,1,5,0,255;255;255;255,,,,,1,-1;-1;-1,0;180;0
13621,h_136_yingli_effect_06,1;0;0,0;0;0,Effect_weapon01,0.2,0.9,1,5,0,255;255;255;255,,,,,1,-1;-1;-1,0;180;0
13622,h_136_yingli_effect_07,-2;0;0,0;0;0,Bip001,0.2,0.9,1,5,0,255;255;255;255,,,,,1,-1;-1;-1,0;180;0
13623,h_136_yingli_effect_08,0;0;0,0;0;0,Effect_weapon01,0.2,0.9,2.2,4,0,255;255;255;255,,,,,1,-1;-1;-1,0;180;0
13624,h_136_yingli_effect_09,-5;1;0,0;0;0,Bip001,0.2,0.9,0.7,5,0,255;255;255;255,,,,,1,-1;-1;-1,0;180;0
13625,h_136_yingli_effect_10,0;0;0,0;0;0,Effect_weapon01,0.2,2.3,2,4,0,255;255;255;255,,,,,1,-1;-1;-1,0;180;0
13626,h_136_yingli_effect_11,0;0;0,0;0;0,Effect_weapon01,0.2,2.4,1,4,0,255;255;255;255,,,,,1,-1;-1;-1,0;180;0
13627,h_136_yingli_effect_12,0.9;7;0,0;0;0,Bip001,0.2,2.8,2,5,0,255;255;255;255,,,,,1,-1;-1;-1,0;180;0
13628,h_136_yingli_effect_13,0;0;0,0;0;0,Bip001,0.2,0,2,1,0,255;255;255;255,,,,,1,-1;-1;-1,0;180;0
13629,h_136_yingli_effect_06,1;0.5;0,0;0;0,Bip001,0.2,0.9,1,5,0,255;255;255;255,,,,,1,-1;-1;-1,0;180;0
13630,h_136_yingli_effect_05,-6;1;0,0;0;0,Bip001,0.2,1.4,1,5,0,255;255;255;255,,,,,1,-1;-1;-1,0;180;0
13631,h_136_yingli_effect_14,0;1;0,0;0;0,Bip001,0.2,1.15,1,5,0,255;255;255;255,,,,,1,-1;-1;-1,0;180;0
13632,h_136_yingli_effect_09,-1;1;0,0;0;0,Bip001,0.2,1.4,0.7,5,0,255;255;255;255,,,,,1,-1;-1;-1,0;180;0
13633,h_136_yingli_effect_15,1.5;1;0,0;0;0,Bip001,0.2,0,3,5,0,255;255;255;255,,,,,1,-1;-1;-1,0;180;0
13634,h_136_yingli_effect_beidong,0;0;0,0;0;0,Bip001,0.2,0,10,1,0,255;255;255;255,,,,,1,-1;-1;-1,0;180;0
5100,m_052_artillery_effect_01,-0.8;0;-0.3,0;0;0,Effect_Root,0.2,0,2,5,0,255;255;255;255,,,,,1,-1;-1;-1,0;180;0
5110,m_052_artillery_effect_02,0;0;0,0;0;0,Bip001,0.2,0,3,5,0,255;255;255;255,,,,,1,-1;-1;-1,0;180;0
5111,m_052_artillery_effect_03,0;0;0,0;0;0,Bip001 L Calf,0.2,0,2,4,0,255;255;255;255,,,,,1,-1;-1;-1,0;180;0
5112,m_052_artillery_effect_04,0;0;0,0;0;0,Bip001,0.2,0,2,1,0,255;255;255;255,,,,,1,-1;-1;-1,0;180;0
5113,m_052_artillery_effect_05,1.2;0;0,0;0;0,Effect_root,0.2,2.3,1,10,0,255;255;255;255,,,,,1,-1;-1;-1,0;180;0
5120,m_052_artillery_effect_06,0;0;0,0;0;0,Effect_Root,0.2,0,4,1,0,255;255;255;255,,,,,1,-1;-1;-1,0;180;0
5121,m_052_artillery_effect_07,-3;0;0,0;0;0,Bip001,0.2,0,3,1,0,255;255;255;255,,,,,1,-1;-1;-1,0;180;0
5122,m_052_artillery_effect_09,2.5;0;0,0;0;0,Effect_Root,0.2,0,7,1,0,255;255;255;255,,,,,1,-1;-1;-1,0;180;0
5123,m_052_artillery_effect_10,0;0;0,0;0;0,Bip001 Neck,0.2,0,2,4,0,255;255;255;255,,,,,1,-1;-1;-1,0;180;0
510100,m_052_artillery_t1_effect_01,0;0;0,0;-2;0,Bip001,0.4,0,2,2,0,255;255;255;255,,,,,1,-1;-1;-1,0;180;0
510101,m_052_artillery_t1_effect_02,1;1.9;2,0;0;0,Effect_Root,0.2,0,2,4,0,255;255;255;255,,,,,1,-1;-1;-1,0;180;0
510110,m_052_artillery_t1_effect_03,0;0;-1,0;0;0,Bip001,0.2,0,4,1,0,255;255;255;255,,,,,1,-1;-1;-1,0;180;0
510120,m_052_artillery_t1_effect_05,0;0;0,0;0;0,Effect_Root,0.2,0,20,4,0,255;255;255;255,,,,,1,-1;1;-1,0;0;0
510121,m_052_artillery_t1_effect_06,0;0;0,0;0;0,Effect_Root,0.2,0,4,4,0,255;255;255;255,,,,,1,-1;-1;-1,180;0;0
510122,m_052_artillery_t1_effect_07,0;0;0,0;0;0,Bone_wp_01,0.2,0,20,4,0,255;255;255;255,,,,,1,-1;-1;-1,0;0;180
510123,m_052_artillery_t1_effect_08,0;0;0,0;0;0,Bone_wp_02,0.2,0,20,4,0,255;255;255;255,,,,,1,-1;-1;-1,0;0;180
510124,m_052_artillery_t1_effect_09,0;0;0,0;0;0,Bone_wp_41,0.2,0,20,4,0,255;255;255;255,,,,,1,-1;-1;-1,0;0;180
510125,m_052_artillery_t1_effect_10,0;0;0,0;0;0,Bone_wp_23,0.2,0,20,4,0,255;255;255;255,,,,,1,-1;-1;-1,0;0;180
510126,m_052_artillery_t1_effect_11,0;0;0,0;0;0,Bone_wp_05,0.2,0,20,4,0,255;255;255;255,,,,,1,-1;-1;-1,0;0;180
510127,m_052_artillery_t1_effect_12,0;0;0,0;0;0,Bone_wp_06,0.2,0,20,4,0,255;255;255;255,,,,,1,-1;-1;-1,0;0;180
510128,m_052_artillery_t1_effect_13,0;0;0,0;0;0,Bone_wp_07,0.2,0,20,4,0,255;255;255;255,,,,,1,-1;-1;-1,0;0;180
510129,m_052_artillery_t1_effect_14,0;0;0,0;0;0,Bone_wp_08,0.2,0,20,4,0,255;255;255;255,,,,,1,-1;-1;-1,0;0;180
510130,m_052_artillery_t1_effect_15,0;0;0,0;0;0,Bone_wp_01,0.2,0,20,4,0,255;255;255;255,,,,,1,-1;-1;-1,0;0;180
14000,h_140_ailita_effect_01,0;4;0,0;0;0,Bip001_bone21,0.4,0.4,2,2,0,255;255;255;255,,,,,1,-1;-1;-1,0;180;0
14001,h_140_ailita_effect_02,0;0;0,0;0;0,Bip001_bone21,0.2,1.35,2,4,0,255;255;255;255,,,,,1,-1;-1;-1,0;180;0
14003,h_140_ailita_effect_03,0;0;0,0;0;0,Bip001_bone23,0.2,1.35,1,4,0,255;255;255;255,,,,,1,-1;-1;-1,0;180;0
14004,h_140_ailita_effect_04,0;0;0,0;0;0,Bip001 R Hand,0.2,0.8,1,4,0,255;255;255;255,,,,,1,-1;-1;-1,0;180;0
14010,h_140_ailita_effect_05,0;0;0,0;0;0,Bip001 R Hand,0.2,0,2,4,0,255;255;255;255,,,,,1,-1;-1;-1,0;180;0
14011,h_140_ailita_effect_06,0;0;0,0;0;0,Bip001 L Hand,0.2,0,2,4,0,255;255;255;255,,,,,1,-1;-1;-1,0;180;0
14012,h_140_ailita_effect_07,0;0;0,0;0;0,Bip001 L Hand,0.2,0,2,4,0,255;255;255;255,,,,,1,-1;-1;-1,0;180;0
14013,h_140_ailita_effect_08,0;0;0,0;0;0,Bip001 L Hand,0.2,0,2,4,0,255;255;255;255,,,,,1,-1;-1;-1,0;180;0
14014,h_140_ailita_effect_09,0;1.3;0,0;0;0,Bip001,0.2,1.3,2,5,0,255;255;255;255,,,,,1,-1;-1;-1,0;180;0
14015,h_140_ailita_effect_10,0;0;0,0;0;0,Bip001,0.2,0,2,2,0,255;255;255;255,,,,,1,-1;-1;-1,0;180;0
14016,h_140_ailita_effect_17,0;0;0,0;0;0,Bip001_bone21,0.2,1.9,2,4,0,255;255;255;255,,,,,1,-1;-1;-1,0;180;0
14017,h_140_ailita_effect_17,0;0;0,0;0;0,Bip001_bone22,0.2,2,2,4,0,255;255;255;255,,,,,1,-1;-1;-1,0;180;0
14018,h_140_ailita_effect_17,0;0;0,0;0;0,Bip001_bone23,0.2,2.1,2,4,0,255;255;255;255,,,,,1,-1;-1;-1,0;180;0
14019,h_140_ailita_effect_17,0;0;0,0;0;0,Bip001_bone24,0.2,2.2,2,4,0,255;255;255;255,,,,,1,-1;-1;-1,0;180;0
14030,h_140_ailita_effect_17,0;0;0,0;0;0,Bip001_bone21,0.2,2.3,2,4,0,255;255;255;255,,,,,1,-1;-1;-1,0;180;0
14031,h_140_ailita_effect_17,0;0;0,0;0;0,Bip001_bone22,0.2,2.4,2,4,0,255;255;255;255,,,,,1,-1;-1;-1,0;180;0
14032,h_140_ailita_effect_17,0;0;0,0;0;0,Bip001_bone23,0.2,2.5,2,4,0,255;255;255;255,,,,,1,-1;-1;-1,0;180;0
14033,h_140_ailita_effect_17,0;0;0,0;0;0,Bip001_bone24,0.2,2.6,2,4,0,255;255;255;255,,,,,1,-1;-1;-1,0;180;0
14034,h_140_ailita_effect_17,0;0;0,0;0;0,Bip001_bone22,0.2,2.1,2,4,0,255;255;255;255,,,,,1,-1;-1;-1,0;180;0
14020,h_140_ailita_effect_11,0;0;0,0;0;0,Bip001_bone21,0.2,0,2,4,0,255;255;255;255,,,,,1,-1;-1;-1,0;180;0
14021,h_140_ailita_effect_12,0;0;0,0;0;0,Bip001_bone22,0.2,0,2,4,0,255;255;255;255,,,,,1,-1;-1;-1,0;180;0
14022,h_140_ailita_effect_13,0;0;0,0;0;0,Bip001_bone23,0.2,0,2,4,0,255;255;255;255,,,,,1,-1;-1;-1,0;180;0
14023,h_140_ailita_effect_14,0;0;0,0;0;0,Bip001_bone24,0.2,0,2,4,0,255;255;255;255,,,,,1,-1;-1;-1,0;180;0
14024,h_140_ailita_effect_15,0;2.5;0,0;0;0,Bip001,0.2,2,2,5,0,255;255;255;255,,,,,1,-1;-1;-1,0;180;0
14025,h_140_ailita_effect_16,0;3;0,0;0;0,Bip001,0.2,1.7,2,5,0,255;255;255;255,,,,,1,-1;-1;-1,0;180;0
14002,h_140_ailita_effect_02,0;0;0,0;0;0,Bip001_bone22,0.2,1.35,2,4,0,255;255;255;255,,,,,1,-1;-1;-1,0;180;0
14005,h_140_ailita_effect_04,0;0;0,0;0;0,Bip001 L Hand,0.2,0.8,1,4,0,255;255;255;255,,,,,1,-1;-1;-1,0;180;0
14006,h_140_ailita_effect_03,0;0;0,0;0;0,Bip001_bone24,0.2,1.35,1,4,0,255;255;255;255,,,,,1,-1;-1;-1,0;180;0
14026,h_140_ailita_effect_skill2_1,0;0;0,0;0;0,Bip001_bone21,0.2,0,10,4,0,255;255;255;255,,,,,1,-1;-1;-1,0;90;180
14027,h_140_ailita_effect_skill2_2,0;0;0,0;0;0,Bip001_bone22,0.2,0,10,4,0,255;255;255;255,,,,,1,-1;-1;-1,0;90;180
14028,h_140_ailita_effect_skill2_3,0;0;0,0;0;0,Bip001_bone23,0.2,0,10,4,0,255;255;255;255,,,,,1,-1;-1;-1,0;90;180
14029,h_140_ailita_effect_skill2_4,0;0;0,0;0;0,Bip001_bone24,0.2,0,10,4,0,255;255;255;255,,,,,1,-1;-1;-1,0;90;180
5910,m_059_rabbit_effect_01,0;0;0,0;0;0,Bip001 Neck,0.2,0.3,2,4,0,255;255;255;255,,,,,1,-1;-1;-1,0;180;0
5911,m_059_rabbit_effect_02,0;0.4;0,0;0;0,Bip001 L Hand,0.2,0.4,2,1,0,255;255;255;255,,,,,1,-1;-1;-1,0;180;0
5912,m_059_rabbit_effect_03,0;0;-0.6,0;0;0,Effect_Root,0.2,2.1,2,4,0,255;255;255;255,,,,,1,-1;-1;-1,180;0;0
5913,m_059_rabbit_effect_04,0;0;0,0;0;0,Bip001 L Hand,0.2,0,2,1,0,255;255;255;255,,,,,1,-1;-1;-1,0;180;0
5914,m_059_rabbit_effect_beidong,0;0;0,0;0;0,Bip001 L Hand,0.2,0,2,1,0,255;255;255;255,,,,,1,-1;-1;-1,0;180;0
6010,m_060_bear_effect_01,0;1;0,0;0;0,Bip001 L Hand,0.2,0,2,1,0,255;255;255;255,,,,,1,-1;-1;-1,0;180;0
6011,m_060_bear_effect_02,0;0.5;0,0;0;0,Bip001 L Hand,0.2,2,2,5,0,255;255;255;255,,,,,1,-1;-1;-1,0;180;0
6012,m_060_bear_effect_03,0;0.5;2,0;0;0,Bip001 L Hand,0.2,2.3,2,5,0,255;255;255;255,,,,,1,-1;-1;-1,0;180;0
6013,m_060_bear_effect_04,0;0;0,0;0;0,Bip001 L Hand,0.2,3.05,2,5,0,255;255;255;255,,,,,1,-1;-1;-1,0;180;0
6100,m_061_cat_effect_01,0;0;0,0;0;0,Effect_weaponright,0.2,0,1,4,0,255;255;255;255,,,,,1,-1;-1;-1,0;180;0
6101,m_061_cat_effect_02,0;2;0,-1;0;0,Bip001 L Hand,0.3,0,1,2,0,255;255;255;255,,,,,0,-1;-1;-1,0;180;0
6102,m_061_cat_effect_01,0;0;0,0;0;0,Bip001 L Hand,0.2,0,2,4,0,255;255;255;255,,,,,1,-1;-1;-1,0;180;0
6103,m_061_cat_effect_02,0;2.5;0,-1;0;0,Bip001 L Hand,0.3,0,2,2,0,255;255;255;255,,,,,1,-1;-1;-1,0;180;0
6110,m_061_cat_effect_03,0;-0.8;-0.3,0;0;0,Effect_weaponright,0.2,0.8,2,4,0,255;255;255;255,,,,,0,-1;-1;-1,0;180;0
6111,m_061_cat_effect_04,0;0;0,0;0;0,Effect_weaponright,0.2,1.35,1.2,4,0,255;255;255;255,,,,,0,-1;-1;-1,0;180;0
6112,m_061_cat_effect_skilll1,0;0;0,0;0;0,Bip001_bone08,0.2,2.5,2,4,0,255;255;255;255,,,,,1,-1;-1;-1,0;0;180
330,m_003_wolf3_effect_01,-0.18;0.188;0,0;0;0,Bip001 Head,0.2,0,2,4,0,255;255;255;255,,,,,1,-1;-1;-1,0;180;0
331,m_003_wolf3_effect_02,0;0;0,0;0;0,Effect_Root,0.2,0,2,1,0,255;255;255;255,,,,,1,-1;-1;-1,0;0;0
332,m_003_wolf3_effect_03,0;0;0,0;0;0,Effect_weaponright,0.2,2.6,5,3,0,255;255;255;255,,,,,0,-1;-1;-1,180;0;0
333,m_003_wolf3_effect_06,0.5;0.5;0,0;0;0,Effect_handright,0.2,0.1,2,4,0,255;255;255;255,,,,,0,-1;-1;-1,180;0;0
334,m_003_wolf3_effect_04,0;0;0,0;0;0,Effect_Root,0.2,0,5,1,0,255;255;255;255,,,,,0,-1;-1;-1,0;180;0
335,m_003_wolf3_effect_07,0;0;0,0;0;0,Effect_Root,0.2,0,3,1,0,255;255;255;255,,,,,0,-1;-1;-1,0;180;0
336,m_003_wolf3_effect_09,0;0;0,0;0;0,Effect_Root,0.2,0,2,1,0,255;255;255;255,,,,,0,-1;-1;-1,0;180;0
337,m_003_wolf3_effect_10,0;0;0,0;0;0,Effect_root,0.2,0,2,1,0,255;255;255;255,,,,,0,-1;-1;-1,0;180;0
13010,h_130_ling_effect_01,0;0;0,0;0;0,Effect_Root,0.2,0,4,1,0,255;255;255;255,,,,,0,-1;-1;-1,0;180;0
13011,h_130_ling_effect_02,0;0.1;0,0;0;0,Bip001 Prop1,0.2,0,3,4,0,255;255;255;255,,,,,0,-1;-1;-1,0;180;0
13012,h_130_ling_effect_03,0;0;0,0;0;0,Bip001_Bone002,0.2,0,3,4,0,255;255;255;255,,,,,0,-1;-1;-1,0;180;0
13013,h_130_ling_effect_04,0;0;0,0;0;0,Bip001_Bone004,0.2,0,3,4,0,255;255;255;255,,,,,0,-1;-1;-1,0;180;0
13014,h_130_ling_effect_05,0;0;0,0;0;0,Bip001_Bone005,0.2,0,3,4,0,255;255;255;255,,,,,0,-1;-1;-1,0;180;0
13015,h_130_ling_effect_06,0;0.1;0,0;0;0,Bip001 Prop1,0.2,0,2,4,0,255;255;255;255,,,,,0,-1;-1;-1,0;180;0
13016,h_130_ling_effect_07,0;0;0,-1.2;-3;0,Effect_Root,0.4,0.5,2,2,0,255;255;255;255,,,,,0,-1;-1;-1,0;180;0
13017,h_130_ling_effect_08,-0.5;0.2;0,0;0;0,Bip001_Bone042,0.2,0,2,4,0,255;255;255;255,,,,,1,-1;-1;-1,0;180;0
13018,h_130_ling_effect_09,0;0;-0.3,0;0;0,Effect_Root,0.2,0,2,5,0,255;255;255;255,,,,,0,-1;-1;-1,0;180;0
13019,h_130_ling_effect_07,0;0.1;0,-1.2;-3;0,Effect_Root,0.4,1.3,2,2,0,255;255;255;255,,,,,0,-1;-1;-1,0;180;0
13020,h_130_ling_effect_10,0;0;0,0;0;0,Effect_Root,0.2,0,4,1,0,255;255;255;255,,,,,0,-1;-1;-1,0;180;0
13021,h_130_ling_effect_11,0;0;0,0;0;0,Effect_weapon01,0.2,0,3,4,0,255;255;255;255,,,,,0,-1;-1;-1,0;180;0
13022,h_130_ling_effect_12,0;0;0,0;0;0,Effect_weapon01,0.2,0,3,4,0,255;255;255;255,,,,,0,-1;-1;-1,0;180;0
13023,h_130_ling_effect_13,0;0;0,0;0;0,Effect_weapon10,0.2,0,3,4,0,255;255;255;255,,,,,0,-1;-1;1,0;90;0
13024,h_130_ling_effect_14,0.2;0;0,0;-3;0,Effect_Root,0.4,0.9,2,2,0,255;255;255;255,,,,,0,-1;-1;-1,0;180;0
13025,h_130_ling_effect_07,0;0.1;0,-1.2;-3;0,Effect_Root,0.4,1.3,2,2,0,255;255;255;255,,,,,0,-1;-1;-1,0;180;0
12800,h_128_dilisi_effect_01,-0.5;0;0,0;0;0,Effect_weapon02,0.2,0.57,2,4,0,255;255;255;255,,,,,1,-1;-1;-1,0;180;0
12801,h_128_dilisi_effect_02,0;0;0,0;0;0,Bip001,0.2,0,2,5,0,255;255;255;255,,,,,0,-1;-1;-1,0;180;0
12802,h_128_dilisi_effect_11,0;0;0,0;0;0,Bip001_Bong57,0.2,0.38,2,4,0,255;255;255;255,,,,,1,-1;-1;-1,90;180;0
12810,h_128_dilisi_effect_01,-0.5;0;0,0;0;0,Effect_weapon02,0.2,2.67,2,4,0,255;255;255;255,,,,,1,-1;-1;-1,0;180;0
12811,h_128_dilisi_effect_02,0;0;0,0;0;0,Bip001,0.2,0.1,2,5,0,255;255;255;255,,,,,1,-1;-1;-1,0;180;0
12812,h_128_dilisi_effect_11,0;0;0,0;0;0,Bip001_Bong57,0.2,2.7,2,4,0,255;255;255;255,,,,,1,-1;-1;-1,90;180;0
12813,h_128_dilisi_effect_03,0;0;0,0;0;0,Bip001,0.2,0,2,1,0,255;255;255;255,,,,,1,-1;-1;-1,0;180;0
12814,h_128_dilisi_effect_04,0;2.59;0,0;0;0,Bip001,0.2,0,5,1,0,255;255;255;255,,,,,1,-1;-1;-1,0;180;0
12815,h_128_dilisi_effect_05,0;0;0,0;0;0,Bip001,0.2,0.2,3,1,0,255;255;255;255,,,,,1,1;1;1,0;0;0
12816,h_128_dilisi_effect_01,-0.5;0;0,0;0;0,Effect_weapon02,0.2,2.97,2,4,0,255;255;255;255,,,,,1,-1;-1;-1,0;180;0
12817,h_128_dilisi_effect_02,0;0;0,0;0;0,Bip001,0.2,0.5,2,5,0,255;255;255;255,,,,,1,-1;-1;-1,0;180;0
12820,h_128_dilisi_effect_06,0;0;0,0;0;0,Bip001,0.2,0,2,1,0,255;255;255;255,,,,,1,-1;-1;-1,0;180;0
12821,h_128_dilisi_effect_07,0;0;0,0;0;0,Bip001,0.2,0,4,1,0,255;255;255;255,,,,,1,-1;-1;-1,0;180;0
12822,h_128_dilisi_effect_08,-0.7;0;0,0;0;0,Effect_weapon02,0.2,1,2,4,0,255;255;255;255,,,,,1,-1;-1;-1,0;180;0
12823,h_128_dilisi_effect_09,-0.5;0;0,0;0;0,Effect_weapon02,0.2,2,2,4,0,255;255;255;255,,,,,1,-1;-1;-1,0;180;0
12824,h_128_dilisi_effect_10,0.2;0;0,0;0;0,Effect_spine,0.2,0,2,4,0,255;255;255;255,,,,,1,-1;-1;-1,0;180;0
12825,h_128_dilisi_effect_09,-0.5;0;0,0;0;0,Effect_weapon02,0.2,2.4,2,4,0,255;255;255;255,,,,,1,-1;-1;-1,0;180;0
12826,h_128_dilisi_effect_10,0;0;0,0;0;0,Bip001,0.2,0.4,2,5,0,255;255;255;255,,,,,1,-1;-1;-1,0;180;0
12827,h_128_dilisi_effect_11,0;0;0,0;0;0,Bip001_Bong57,0.2,1.85,2,4,0,255;255;255;255,,,,,1,-1;-1;-1,90;180;0
12828,h_128_dilisi_effect_11,0;0;0,0;0;0,Bip001_Bong57,0.2,2.2,2,4,0,255;255;255;255,,,,,1,-1;-1;-1,90;180;0
4210,m_042_wolfman5_effect_01,0;0;0,0;0;0,Bip001 Head,0.2,2.2,3,5,0,255;255;255;255,,,,,1,-1;-1;-1,0;180;0
4211,m_042_wolfman5_effect_02,0;0;0,0;0;0,Bip001,0.2,3.3,3,10,0,255;255;255;255,,,,,1,-1;-1;-1,0;180;0
4212,m_042_wolfman5_effect_03,0;0;0,0;0;0,Bip001 L Finger2,0.2,0.9,5,4,0,255;255;255;255,,,,,1,-1;-1;-1,0;180;0
4213,m_042_wolfman5_effect_04,0;0;0,0;0;0,Bip001 L Finger2,0.2,1.7,5,4,0,255;255;255;255,,,,,1,-1;-1;-1,0;180;0
4214,m_042_wolfman5_effect_05,0;0;0,0;0;0,Bip001,0.2,2.47,5,4,0,255;255;255;255,,,,,1,-1;-1;-1,0;180;0
4215,m_042_wolfman5_effect_06,0;-0.5;0,0;0;0,Bip001 L Finger2,0.2,3.1,5,4,0,255;255;255;255,,,,,1,-1;-1;-1,0;180;0
4220,m_042_wolfman5_effect_07,0;0;0,0;0;0,Bip001,0.2,0.5,5,5,0,255;255;255;255,,,,,1,-1;-1;-1,0;180;0
4221,m_042_wolfman5_effect_08,0;0;0,0;0;0,Bip001,0.2,1.7,5,5,0,255;255;255;255,,,,,1,-1;-1;-1,0;180;0
4222,m_042_wolfman5_effect_09,0;0;0,0;0;0,Bip001 Head,0.2,1.7,5,4,0,255;255;255;255,,,,,1,-1;-1;-1,0;180;0
4223,m_042_wolfman5_effect_10,0;0;0,0;0;0,Bip001,0.2,0.8,5,5,0,255;255;255;255,,,,,1,-1;-1;-1,0;180;0
4224,m_042_wolfman5_effect_11,-0.8;0;0,0;0;0,Effect_head,0.2,0,3,4,0,255;255;255;255,,,,,1,-1;-1;-1,0;180;0
1700,m_017_jingling3_effect_01,0;0;0,0;-1;0,Effect_weapon01,0,0,2,4,0,255;255;255;255,,,,,0,1;1;1,0;0;0
1701,m_017_jingling3_effect_02,0;2;0,-0.5;0;0,Effect_spine,0.4,0,3.2,2,0,255;255;255;255,,,,,0,1;1;1,0;0;0
1702,m_017_jingling3_effect_03,0;0;-0.5,0;-1;0,Effect_spine,0,0,1,4,0,255;255;255;255,,,,,0,1;1;1,0;0;0
1710,m_017_jingling3_effect_04,0;0;0,0;-1;0,Effect_spine,0,0,4,1,0,255;255;255;255,,,,,0,1;1;1,0;0;0
1711,m_017_jingling3_effect_05,0;0;0,0;-1;0,Effect_spine,0,0,4,1,0,255;255;255;255,,,,,0,1;1;1,0;0;0
1712,m_017_jingling3_effect_06,0;0;0,0;-1;0,Effect_spine,0,0,4,1,0,255;255;255;255,,,,,0,1;1;1,0;0;0
1713,m_017_jingling3_effect_07,0;0;0,0;0;0,Effect_spine,0,0,1,4,0,255;255;255;255,,,,,0,1;1;1,0;0;0
1714,m_017_jingling3_effect_08,0;0;0,0;-1;0,Effect_spine,0,0,3,4,0,255;255;255;255,,,,,0,1;1;1,0;0;0
1720,m_017_jingling3_effect_10,0;0;0,0;-1;0,Bip001 Spine,0,0,3.2,4,0,255;255;255;255,,,,,0,1;1;1,0;0;0
1721,m_017_jingling3_effect_11,0;0;0,0;-1;0,Bip001 Prop1,0,0,3.2,4,0,255;255;255;255,,,,,1,1;1;1,0;0;0
1722,m_017_jingling3_effect_12,0;0;0,0;-1;0,Effect_spine,0,0,3.2,4,0,255;255;255;255,,,,,1,1;1;1,0;0;0
2700,m_027_rose2_effect_01,-0.3;0;0,0;-1;0,Bip001_bone51,0,0,3.2,4,0,255;255;255;255,,,,,1,1;1;1,0;0;0
2701,m_027_rose2_effect_02,0.5;1.2;0,0;-0.5;0,Effect_spine,0.4,0,3.2,2,0,255;255;255;255,,,,,1,1;1;1,0;0;0
2702,m_027_rose2_effect_03,0;0;-0.3,0;-1;0,Effect_spine,0,0,3.2,4,0,255;255;255;255,,,,,1,1;1;1,0;0;0
2710,m_027_rose2_effect_04,0;0;0,0;-1;0,Bip001_bone50,0,0,3.2,4,0,255;255;255;255,,,,,1,1;1;1,0;0;0
2711,m_027_rose2_effect_05,-0.33;0;0,0;-1;0,Bip001_bone51,0,0,3.2,4,0,255;255;255;255,,,,,1,1;1;1,0;0;0
2713,m_027_rose2_effect_06,-0.33;0;0,0;-1;0,Bip001_bone51,0,0,3.2,4,0,255;255;255;255,,,,,1,1;1;1,0;0;0
2714,m_027_rose2_effect_07,0;0;0,0;0;0,Bip001_bone50,0,2.7,3.2,3,0,255;255;255;255,,,,,1,1;1;1,0;0;0
2715,m_027_rose2_effect_08,0;0;0,0;0;0,Bip001_bone50,0,0,3.2,1,0,255;255;255;255,,,,,1,1;1;1,0;0;0
2720,m_027_rose2_effect_09,-0.33;0;0,0;-1;0,Bip001_bone51,0,0,1,4,0,255;255;255;255,,,,,1,1;1;1,0;0;0
2721,m_027_rose2_effect_10,0;0;0,0;-1;0,Effect_spine,0,0,3.2,1,0,255;255;255;255,,,,,1,1;1;1,0;0;0
2722,m_027_rose2_effect_11,-0.33;0;0,0;-1;0,Bip001_bone51,0,0,4,4,0,255;255;255;255,,,,,1,1;1;1,0;0;0
2723,m_027_rose2_effect_12,0;0;0,0;-1;0,Bip001_bone50,0,2.05,3.2,3,0,255;255;255;255,,,,,0,1;1;1,0;0;0
2724,m_027_rose2_effect_13,0;0;-0.3,0;0;0,Bip001_bone50,0,0,3.2,1,0,255;255;255;255,,,,,0,1;1;1,0;0;0
80000,h_102_aier_zs_01_d,0;0;0,0;0;0,Effect_weapon01,0,0,999,4,0,255;255;255;255,,,,,1,1;1;1,0;0;0
80001,h_102_aier_zs_02_e,0;0;0,0;0;0,Effect_weapon01,0,0,999,4,0,255;255;255;255,,,,,1,1;1;1,0;0;0
80002,h_102_aier_zs_01_f,0;0;0,0;0;0,Effect_weapon01,0,0,999,4,0,255;255;255;255,,,,,1,1;1;1,0;0;0
80003,h_104_droa_zs_01_d,0;0;0,0;0;0,Bip001 Prop1,0,0,999,4,0,255;255;255;255,,,,,1,1;1;1,0;0;0
80004,h_104_droa_zs_01_e,0;0;0,0;0;0,Bip001 Prop1,0,0,999,4,0,255;255;255;255,,,,,1,1;1;1,0;0;0
80005,h_104_droa_zs_01_f,0;0;0,0;0;0,Bip001 Prop1,0,0,999,4,0,255;255;255;255,,,,,1,1;1;1,0;0;0
80006,h_107_rose4_zs_01_f,0;0;0,0;0;0,Bip001 HeadNub,0,0,999,4,0,255;255;255;255,,,,,1,1;1;1,0;0;0
80007,h_107_rose4_zs_02_d,0;0;0,0;0;0,Bip001 Prop1,0,0,999,4,0,255;255;255;255,,,,,1,1;1;1,0;0;0
80008,h_107_rose4_zs_02_e,0;0;0,0;0;0,Bip001 Prop1,0,0,999,4,0,255;255;255;255,,,,,1,1;1;1,0;0;0
80009,h_107_rose4_zs_02_f,0;0;0,0;0;0,Bip001 Prop1,0,0,999,4,0,255;255;255;255,,,,,1,1;1;1,0;0;0
80010,h_125_maid_zs_01_d,0;0;0,0;0;0,Bip001_bone55,0,0,999,4,0,255;255;255;255,,,,,1,1;1;1,0;0;0
80011,h_125_maid_zs_01_e,0;0;0,0;0;0,Bip001_bone55,0,0,999,4,0,255;255;255;255,,,,,1,1;1;1,0;0;0
80012,h_125_maid_zs_01_f,0;0;0,0;0;0,Bip001_bone55,0,0,999,4,0,255;255;255;255,,,,,1,1;1;1,0;0;0
80013,h_125_maid_zs_02_d,0;0;0,0;0;0,Bip001_bone57,0,0,999,4,0,255;255;255;255,,,,,1,1;1;1,0;0;0
80014,h_125_maid_zs_02_e,0;0;0,0;0;0,Bip001_bone57,0,0,999,4,0,255;255;255;255,,,,,1,1;1;1,0;0;0
80015,h_125_maid_zs_02_f,0;0;0,0;0;0,Bip001_bone57,0,0,999,4,0,255;255;255;255,,,,,1,1;1;1,0;0;0
80016,h_130_ling_zs_01_d,0;0;0,0;0;0,Effect_weapon01,0,0,999,4,0,255;255;255;255,,,,,1,1;1;1,0;0;0
80017,h_130_ling_zs_01_e,0;0;0,0;0;0,Effect_weapon01,0,0,999,4,0,255;255;255;255,,,,,1,1;1;1,0;0;0
80018,h_130_ling_zs_01_f,0;0;0,0;0;0,Effect_weapon01,0,0,999,4,0,255;255;255;255,,,,,1,1;1;1,0;0;0
80019,h_130_ling_zs_02_d,0;0;0,0;0;0,Effect_weapon10,0,0,999,4,0,255;255;255;255,,,,,1,1;1;1,0;0;0
80020,h_130_ling_zs_02_e,0;0;0,0;0;0,Effect_weapon10,0,0,999,4,0,255;255;255;255,,,,,1,1;1;1,0;0;0
80021,h_130_ling_zs_02_f,0;0;0,0;0;0,Effect_weapon10,0,0,999,4,0,255;255;255;255,,,,,1,1;1;1,0;0;0
80022,h_130_ling_zs_03_f,0;0;0,0;0;0,Bip001_bone043,0,0,999,4,0,255;255;255;255,,,,,1,1;1;1,0;0;0
80023,h_131_shixiang_zs_01_d,0;0;0,0;0;0,Effect_weapon01,0,0,999,4,0,255;255;255;255,,,,,1,1;1;1,0;0;0
80024,h_131_shixiang_zs_01_e,0;0;0,0;0;0,Effect_weapon01,0,0,999,4,0,255;255;255;255,,,,,1,1;1;1,0;0;0
80025,h_131_shixiang_zs_01_f,0;0;0,0;0;0,Effect_weapon01,0,0,999,4,0,255;255;255;255,,,,,1,1;1;1,0;0;0
80026,h_137_youyu_zs_01_d,0;0;0,0;0;0,Bip001 R Hand,0,0,999,4,0,255;255;255;255,,,,,1,1;1;1,0;0;0
80027,h_137_youyu_zs_01_e,0;0;0,0;0;0,Bip001 R Hand,0,0,999,4,0,255;255;255;255,,,,,1,1;1;1,0;0;0
80028,h_137_youyu_zs_01_f,0;0;0,0;0;0,Bip001 R Hand,0,0,999,4,0,255;255;255;255,,,,,1,1;1;1,0;0;0
80029,h_137_youyu_zs_02_d,0;0;0,0;0;0,Bip001 L Hand,0,0,999,4,0,255;255;255;255,,,,,1,1;1;1,0;0;0
80030,h_137_youyu_zs_02_e,0;0;0,0;0;0,Bip001 L Hand,0,0,999,4,0,255;255;255;255,,,,,1,1;1;1,0;0;0
80031,h_137_youyu_zs_02_f,0;0;0,0;0;0,Bip001 L Hand,0,0,999,4,0,255;255;255;255,,,,,1,1;1;1,0;0;0
80032,m_013_canglang3_zs_01_b,0;0;0,0;0;0,Bip001 Prop2,0,0,999,4,0,255;255;255;255,,,,,1,1;1;1,0;0;0
80033,m_013_canglang3_zs_01_c,0;0;0,0;0;0,Bip001 Prop2,0,0,999,4,0,255;255;255;255,,,,,1,1;1;1,0;0;0
80034,m_013_canglang3_zs_01_d,0;0;0,0;0;0,Bip001 Prop2,0,0,999,4,0,255;255;255;255,,,,,1,1;1;1,0;0;0
80035,m_013_canglang3_zs_02_b,0;0;0,0;0;0,Bip001 Prop1,0,0,999,4,0,255;255;255;255,,,,,1,1;1;1,0;0;0
80036,m_013_canglang3_zs_02_c,0;0;0,0;0;0,Bip001 Prop1,0,0,999,4,0,255;255;255;255,,,,,1,1;1;1,0;0;0
80037,m_013_canglang3_zs_02_d,0;0;0,0;0;0,Bip001 Prop1,0,0,999,4,0,255;255;255;255,,,,,1,1;1;1,0;0;0
80038,m_014_canglang4_zs_01_c,0;0;0,0;0;0,Bip002 Head,0,0,999,4,0,255;255;255;255,,,,,1,1;1;1,0;0;0
80039,m_014_canglang4_zs_01_d,0;0;0,0;0;0,Bip002 Head,0,0,999,4,0,255;255;255;255,,,,,1,1;1;1,0;0;0
80040,m_014_canglang4_zs_01_e,0;0;0,0;0;0,Bip002 Head,0,0,999,4,0,255;255;255;255,,,,,1,1;1;1,0;0;0
80041,m_018_yake_zs_01_d,0;0;0,0;0;0,Bip001_bone14,0,0,999,4,0,255;255;255;255,,,,,1,1;1;1,0;0;0
80042,m_018_yake_zs_01_e,0;0;0,0;0;0,Bip001_bone14,0,0,999,4,0,255;255;255;255,,,,,1,1;1;1,0;0;0
80043,m_018_yake_zs_01_f,0;0;0,0;0;0,Bip001_bone14,0,0,999,4,0,255;255;255;255,,,,,1,1;1;1,0;0;0
80044,m_018_yake_zs_02_d,0;0;0,0;0;0,Bip001_bone11,0,0,999,4,0,255;255;255;255,,,,,1,1;1;1,0;0;0
80045,m_018_yake_zs_02_e,0;0;0,0;0;0,Bip001_bone11,0,0,999,4,0,255;255;255;255,,,,,1,1;1;1,0;0;0
80046,m_018_yake_zs_02_f,0;0;0,0;0;0,Bip001_bone11,0,0,999,4,0,255;255;255;255,,,,,1,1;1;1,0;0;0
80047,m_018_yake_zs_03_d,0;0;0,0;0;0,Bip001_bone09,0,0,999,4,0,255;255;255;255,,,,,1,1;1;1,0;0;0
80048,m_018_yake_zs_03_e,0;0;0,0;0;0,Bip001_bone09,0,0,999,4,0,255;255;255;255,,,,,1,1;1;1,0;0;0
80049,m_018_yake_zs_03_f,0;0;0,0;0;0,Bip001_bone09,0,0,999,4,0,255;255;255;255,,,,,1,1;1;1,0;0;0
80050,m_030_poxiao2_zs_01_b,0;0;0,0;0;0,Bip001_bone14,0,0,999,4,0,255;255;255;255,,,,,1,1;1;1,0;0;0
80051,m_030_poxiao2_zs_01_c,0;0;0,0;0;0,Bip001_tail01,0,0,999,4,0,255;255;255;255,,,,,1,1;1;1,0;0;0
80052,m_030_poxiao2_zs_01_d,0;0;0,0;0;0,Bip001_tail01,0,0,999,4,0,255;255;255;255,,,,,1,1;1;1,0;0;0
80053,m_031_poxiao3_zs_01_c,0;0;0,0;0;0,Bip001 R,0,0,999,4,0,255;255;255;255,,,,,1,1;1;1,0;0;0
80054,m_031_poxiao3_zs_01_d,0;0;0,0;0;0,Bip001 R,0,0,999,4,0,255;255;255;255,,,,,1,1;1;1,0;0;0
80055,m_031_poxiao3_zs_01_e,0;0;0,0;0;0,Bip001 R,0,0,999,4,0,255;255;255;255,,,,,1,1;1;1,0;0;0
80056,m_032_poxiao4_zs_01_d,0;0;0,0;0;0,Bip001 Spine1,0,0,999,4,0,255;255;255;255,,,,,1,1;1;1,0;0;0
80057,m_032_poxiao4_zs_01_e,0;0;0,0;0;0,Bip001 Spine1,0,0,999,4,0,255;255;255;255,,,,,1,1;1;1,0;0;0
80058,m_032_poxiao4_zs_01_f,0;0;0,0;0;0,Bip001 Spine1,0,0,999,4,0,255;255;255;255,,,,,1,1;1;1,0;0;0
80059,m_033_poxiao5_zs_01_b,0;0;0,0;0;0,Bip001 R Hand,0,0,999,4,0,255;255;255;255,,,,,1,1;1;1,0;0;0
80060,m_033_poxiao5_zs_01_c,0;0;0,0;0;0,Bip001 R Hand,0,0,999,4,0,255;255;255;255,,,,,1,1;1;1,0;0;0
80061,m_033_poxiao5_zs_01_d,0;0;0,0;0;0,Bip001 R Hand,0,0,999,4,0,255;255;255;255,,,,,1,1;1;1,0;0;0
80062,m_033_poxiao5_zs_02_b,0;0;0,0;0;0,Bip001 L Hand,0,0,999,4,0,255;255;255;255,,,,,1,1;1;1,0;0;0
80063,m_033_poxiao5_zs_02_c,0;0;0,0;0;0,Bip001 L Hand,0,0,999,4,0,255;255;255;255,,,,,1,1;1;1,0;0;0
80064,m_033_poxiao5_zs_02_d,0;0;0,0;0;0,Bip001 L Hand,0,0,999,4,0,255;255;255;255,,,,,1,1;1;1,0;0;0
80065,m_035_poxiao7_zs_01_d,0;0;0,0;0;0,Bip001 Spine1,0,0,999,4,0,255;255;255;255,,,,,1,1;1;1,0;0;0
80066,m_035_poxiao7_zs_01_e,0;0;0,0;0;0,Bip001 Spine1,0,0,999,4,0,255;255;255;255,,,,,1,1;1;1,0;0;0
80067,m_035_poxiao7_zs_01_f,0;0;0,0;0;0,Bip001 Spine1,0,0,999,4,0,255;255;255;255,,,,,1,1;1;1,0;0;0
80068,m_035_poxiao7_zs_02_d,0;0;0,0;0;0,Bip001_bone02,0,0,999,4,0,255;255;255;255,,,,,1,1;1;1,0;0;0
80069,m_035_poxiao7_zs_02_e,0;0;0,0;0;0,Bip001_bone02,0,0,999,4,0,255;255;255;255,,,,,1,1;1;1,0;0;0
80070,m_035_poxiao7_zs_02_f,0;0;0,0;0;0,Bip001_bone02,0,0,999,4,0,255;255;255;255,,,,,1,1;1;1,0;0;0
80071,m_035_poxiao7_zs_03_d,0;0;0,0;0;0,Bip001_bone01,0,0,999,4,0,255;255;255;255,,,,,1,1;1;1,0;0;0
80072,m_035_poxiao7_zs_03_e,0;0;0,0;0;0,Bip001_bone01,0,0,999,4,0,255;255;255;255,,,,,1,1;1;1,0;0;0
80073,m_035_poxiao7_zs_03_f,0;0;0,0;0;0,Bip001_bone01,0,0,999,4,0,255;255;255;255,,,,,1,1;1;1,0;0;0
80074,m_037_teluo_zs_01_c,0;0;0,0;0;0,Bip001 Head,0,0,999,4,0,255;255;255;255,,,,,1,1;1;1,0;0;0
80075,m_037_teluo_zs_01_d,0;0;0,0;0;0,Bip001 Head,0,0,999,4,0,255;255;255;255,,,,,1,1;1;1,0;0;0
80076,m_037_teluo_zs_01_e,0;0;0,0;0;0,Bip001 Head,0,0,999,4,0,255;255;255;255,,,,,1,1;1;1,0;0;0
80077,m_020_liku_effect_01_zs,0;0;0,0;0;0,Bip001 Prop2,0,0,999,4,0,255;255;255;255,,,,,1,1;1;1,0;0;0
80078,m_043_kuluo_effect_01_zs,0;0;0,0;0;0,Bip001 Head,0,0,999,4,0,255;255;255;255,,,,,1,1;1;1,0;0;0
80079,m_043_kuluo_effect_02_zs,0;0;0,0;0;0,Bip001 Neck,0,0,999,4,0,255;255;255;255,,,,,1,1;1;1,0;0;0
80080,m_043_kuluo_effect_03_zs,0;0;0,0;0;0,Effect_weapon02,0,0,999,4,0,255;255;255;255,,,,,1,1;1;1,0;0;0
80081,m_059_rabbit_01_zs,0;0;0,0;0;0,Bip001,0,0,999,4,0,255;255;255;255,,,,,1,1;1;1,0;0;0
80082,m_060_bear_effet_01_zs,0;0;0,0;0;0,Bip001 Head,0,0,999,4,0,255;255;255;255,,,,,1,1;1;1,0;0;0
80083,m_061_cat_effect_01_zs,0;0;0,0;0;0,Bip001_bone32,0,0,999,4,0,255;255;255;255,,,,,1,1;1;1,0;0;0
80084,m_061_cat_effect_02_zs,0;0;0,0;0;0,Bip001_bone25,0,0,999,4,0,255;255;255;255,,,,,1,1;1;1,0;0;0
80085,m_061_cat_effect_03_zs,0;0;0,0;0;0,Bip001_bone06,0,0,999,4,0,255;255;255;255,,,,,1,1;1;1,0;0;0
12100,h_121_ruini_effect_01,0;0;0.115,0;0;0,Effect_weapon01,0,0.6,1,4,0,255;255;255;255,,,,,1,-1;-1;-1,0;180;180
12101,h_121_ruini_effect_02,0;0;0,0;0;0,Effect_Root,0,0.61,1,1,0,255;255;255;255,,,,,1,1;1;1,0;0;0
12102,h_121_ruini_effect_03,0;0;0,0;0;0,Effect_spine,0,0,1,4,0,255;255;255;255,,,,,1,1;1;1,0;0;0
12103,h_121_ruini_effect_04,0;0;0,0;0;0,Bip001 Prop1,0,0.6,1,4,0,255;255;255;255,,,,,1,-1;-1;-1,0;180;0
12110,h_121_ruini_effect_03,0;0;0,0;0;0,Effect_spine,0,0,1,4,0,255;255;255;255,,,,,1,1;1;1,0;0;0
12111,h_121_ruini_effect_04,0;0;0,0;0;0,Bip001 Prop1,0,2.35,1,4,0,255;255;255;255,,,,,1,-1;-1;-1,0;180;0
12112,h_121_ruini_effect_05,0;0;0.145,0;0;0,Effect_weapon01,0,2.25,1,4,0,255;255;255;255,,,,,1,-1;-1;-1,0;180;180
12113,h_121_ruini_effect_06,0;0;0,0;0;0,Bip001 Head,0,2.15,1,1,0,255;255;255;255,,,,,1,1;1;1,0;0;0
12114,h_121_ruini_effect_07,0;0;0,0;0;0,Bip001 Prop1,0,1,1,4,0,255;255;255;255,,,,,1,-1;-1;-1,0;180;0
12115,h_121_ruini_effect_08,0;0;-0.3,0;0;0,Effect_spine,0.5,0,10,4,0,255;255;255;255,,,,,0,-1;-1;-1,0;180;0
10300,h_103_jingling4_effect_01,0;0;0,0;0;0,Effect_weapon01,0,0,2,4,0,255;255;255;255,,,,,1,-1;-1;-1,0;180;0
10301,h_103_jingling4_effect_02,0;0;0,0;0;0,Effect_weapon01,0,0,2,1,0,255;255;255;255,,,,,1,-1;-1;-1,0;180;0
10302,h_103_jingling4_effect_03,0.9;1.5;0,-0.5;0;0,Bip001 Prop1,0.3,0,1,2,0,255;255;255;255,,,,,1,-1;-1;-1,0;180;0
10303,h_103_jingling4_effect_04,0;0;-0.3,0;0;0,Effect_spine,0,0,1,4,0,255;255;255;255,,,,,1,-1;-1;-1,0;180;0
10310,h_103_jingling4_effect_05,0;0;0,0;0;0,Bip001 Prop1,0,0,3,1,0,255;255;255;255,,,,,1,-1;-1;-1,0;180;0
10311,h_103_jingling4_effect_06,0;0;0,0;0;0,Bip001 Prop1,0,0,3,1,0,255;255;255;255,,,,,1,-1;-1;-1,0;180;0
10312,h_103_jingling4_effect_07,0;0;-0.3,0;0;0,Effect_spine,0,0,1,4,0,255;255;255;255,,,,,1,-1;-1;-1,0;180;0
10320,h_103_jingling4_effect_08,0;0;0,0;0;0,Effect_weapon01,0,0,3,4,0,255;255;255;255,,,,,1,-1;-1;-1,0;180;0
10321,h_103_jingling4_effect_09,0;0;0,0;0;0,Bip001 Prop1,0,0,3,1,0,255;255;255;255,,,,,1,-1;-1;-1,0;180;0
10322,h_103_jingling4_effect_10,0;0;0,0;0;0,Effect_spine,0,0,1,1,0,255;255;255;255,,,,,1,-1;-1;-1,0;180;0
14710,h_147_miao_effect_01,0;0;0,0;0;0,Effect_center,0,0,4,1,0,255;255;255;255,,,,,1,-1;-1;-1,0;180;0
14711,h_147_miao_effect_02,0;0;0,0;0;0,Bip001 R Hand,0,0,4,4,0,255;255;255;255,,,,,1,-1;-1;-1,0;180;0
14720,h_147_miao_effect_03,0;0;0,0;0;0,Bip001_bone38,0,0,3,4,0,255;255;255;255,,,,,1,-1;-1;-1,0;180;0
14721,h_147_miao_effect_04,0;0;0,0;0;0,Effect_Root,0,0,3,4,0,255;255;255;255,,,,,1,-1;-1;-1,0;180;0
14722,h_147_miao_effect_05,0;-1;0,0;0;0,Effect_spine,0,0,4,4,0,255;255;255;255,,,,,0,-1;-1;-1,0;180;0
1810,m_018_yake_effect_01,0;0;0,0;0;0,Bip001 R Hand,0,0,4,4,0,255;255;255;255,,,,,1,-1;-1;-1,0;180;0
1811,m_018_yake_effect_02,0;0;0,0;0;0,Bip001_bone14,0,0,5,4,0,255;255;255;255,,,,,1,-1;-1;-1,0;180;0
1812,m_018_yake_effect_03,0;0;0,0;0;0,Effect_spine,0,0,3,10,0,255;255;255;255,,,,,1,-1;-1;-1,0;180;0
1813,m_018_yake_effect_04,1;-1;0,0;0;0,Effect_spine,0,2.6,2,10,0,255;255;255;255,,,,,1,-1;-1;-1,0;180;0
1820,m_018_yake_effect_05,0;0;0,0;0;0,Bip001 R Hand,0,0,3,4,0,255;255;255;255,,,,,1,-1;-1;-1,0;180;0
1821,m_018_yake_effect_06,1;0.5;0.3,0;0;0,Effect_spine,0,2.2,1,10,0,255;255;255;255,,,,,1,-1;-1;-1,0;180;0
2010,m_020_liku_effect_01,0;0;0,0;0;0,Bip001 Prop2,0,0,3,4,0,255;255;255;255,,,,,1,-1;-1;-1,180;0;0
11000,h_110_michel_effect_01,0;0;0,0;0;0,Effect_Root,0,0,3,1,0,255;255;255;255,,,,,1,-1;-1;-1,0;90;0
11001,h_110_michel_effect_02,0;0;-0.3,0;0;0,Bip001 Prop2,0,0,3,5,0,255;255;255;255,,,,,1,1;1;1,0;0;0
11002,h_110_michel_effect_02,0;0;0,0;0;0,Bip001 Prop2,0,0,3,4,0,255;255;255;255,,,,,1,1;1;1,0;0;0
11003,h_110_michel_effect_03,0;0;0,0;0;0,Effect_handleft,0,0,2,4,0,255;255;255;255,,,,,1,1;1;1,0;0;0
11004,h_110_michel_effect_03,0;0;0,0;0;0,Effect_handright,0,0,2,4,0,255;255;255;255,,,,,1,1;1;1,0;0;0
11005,h_110_michel_effect_04,0;0;0,0;0;0,Bip001 Prop2,0,0,3,1,0,255;255;255;255,,,,,1,1;1;1,0;0;0
11010,h_110_michel_effect_03,0;0;0,0;0;0,Effect_handleft,0,0,3,4,0,255;255;255;255,,,,,1,1;1;1,0;0;0
11011,h_110_michel_effect_03,0;0;0,0;0;0,Effect_handright,0,0,3,4,0,255;255;255;255,,,,,1,1;1;1,0;0;0
11012,h_110_michel_effect_05,0;0;0,0;0;0,Bip001 Prop2,0,0,3,1,0,255;255;255;255,,,,,1,1;1;1,0;0;0
11013,h_110_michel_effect_06,0;0;0,0;0;0,Bip001 Prop2,0,0,3,1,0,255;255;255;255,,,,,1,1;1;1,0;0;0
11014,h_110_michel_effect_07,0;0;-0.3,0;0;0,Bip001 Prop2,0,0,3,1,0,255;255;255;255,,,,,1,1;1;1,0;0;0
11020,h_110_michel_effect_03,0;0;0,0;0;0,Effect_handleft,0,0,2.7,4,0,255;255;255;255,,,,,1,1;1;1,0;0;0
11021,h_110_michel_effect_03,0;0;0,0;0;0,Effect_handright,0,0,2.7,4,0,255;255;255;255,,,,,1,1;1;1,0;0;0
11022,h_110_michel_effect_08,0;0;0,0;0;0,Effect_Root,0,0,4,1,0,255;255;255;255,,,,,1,-1;1;1,90;90;0
11023,h_110_michel_effect_09,0;0;-0.3,0;0;0,Effect_handright,0,0,1.2,1,0,255;255;255;255,,,,,1,1;1;1,0;0;0
11024,h_110_michel_effect_10,0;0;-0.3,0;0;0,Effect_handright,0,0,4,1,0,255;255;255;255,,,,,1,1;1;1,0;0;0
10100,h_101_ailin_effect_01,0;0;0,0;0;0,Effect_handleft,0,0,2.7,1,0,255;255;255;255,,,,,1,1;1;1,0;0;0
10110,h_101_ailin_effect_02,0;0;0,0;0;0,Effect_handleft,0,2,2.7,1,0,255;255;255;255,,,,,1,1;1;1,0;0;0
10111,h_101_ailin_effect_03,0;0;0,0;0;0,Effect_spine,0,0,2.7,5,0,255;255;255;255,,,,,1,1;1;1,0;0;0
10112,h_101_ailin_effect_04,0;0;0,0;0;0,Effect_spine,0,0,2.7,1,0,255;255;255;255,,,,,1,1;1;1,0;0;0
10120,h_101_ailin_effect_05,0;0;0,0;0;0,Bip001_Bong06,0,0,2.7,4,0,255;255;255;255,,,,,1,1;1;1,0;0;0
10121,h_101_ailin_effect_06,0;0;0,0;0;0,Effect_handleft,0,0,2.7,1,0,255;255;255;255,,,,,1,1;1;1,0;0;0
10122,h_101_ailin_effect_07,0;0;0,0;0;0,Effect_handleft,0,0,2.7,1,0,255;255;255;255,,,,,1,1;1;1,0;0;0
10123,h_101_ailin_effect_08,0;0;0,0;0;0,Effect_spine,0,0,2.7,4,0,255;255;255;255,,,,,1,1;1;1,0;0;0
10124,h_101_ailin_effect_09,0;0;0,0;0;0,Bip001_Bong06,0,0,1,4,0,255;255;255;255,,,,,1,1;1;1,0;0;0
10125,h_101_ailin_effect_beidong,0;0;0,0;0;0,Effect_handleft,0,0,2.7,4,0,255;255;255;255,,,,,1,1;1;1,0;0;0
10126,h_101_ailin_effect_10,0.5;2;0,-0.5;0;0,Effect_handleft,0.3,0,2.7,2,0,255;255;255;255,,,,,1,1;1;1,0;0;0
10127,h_101_ailin_effect_11,0;0;0,0;0;0,Bip001_Bong06,0,1,2.7,4,0,255;255;255;255,,,,,1,1;1;1,0;0;0
11500,h_115_julia_effect_01,0;2;0,-0.5;0;0,Effect_handleft,0.3,0,2.7,2,0,255;255;255;255,,,,,1,1;1;1,0;0;0
11501,h_115_julia_effect_02,0;0;0,0;0;0,Bip001_bone35,0,0.3,2,4,0,255;255;255;255,,,,,1,1;1;1,0;0;0
11510,h_115_julia_effect_02,0;0;0,0;0;0,Bip001_bone35,0,0,2.7,4,0,255;255;255;255,,,,,1,1;1;1,0;0;0
11511,h_115_julia_effect_03,0;0;0,0;0;0,Bip001_bone35,0,1.2,2.7,4,0,255;255;255;255,,,,,1,1;1;1,0;0;0
11512,h_115_julia_effect_04,0;0;0,0;0;0,Effect_handleft,0,0,2.7,3,0,255;255;255;255,,,,,1,1;1;1,0;0;0
11513,h_115_julia_effect_05,0;0;0,0;0;0,Effect_spine,0,0.3,2.7,4,0,255;255;255;255,,,,,1,1;1;1,0;0;0
11520,h_115_julia_effect_06,0;0;0,0;0;0,Effect_handleft,0,0,5,1,0,255;255;255;255,,,,,1,1;1;1,0;0;0
11521,h_115_julia_effect_02,0;0;0,0;0;0,Bip001_bone35,0,0,2.7,4,0,255;255;255;255,,,,,1,1;1;1,0;0;0
12000,h_120_gina_effect_01,0;0;0,0;0;0,Effect_handleft,0,0,2.7,1,0,255;255;255;255,,,,,1,1;1;1,0;0;0
12001,h_120_gina_effect_02,0;1.5;0,-0.5;0;0,Effect_handleft,0.3,0,2.7,2,0,255;255;255;255,,,,,1,1;1;1,0;0;0
12010,h_120_gina_effect_03,0;0;0,0;0;0,Effect_handleft,0,0,3,1,0,255;255;255;255,,,,,1,1;1;1,0;0;0
12011,h_120_gina_effect_04,0;0;0,0;0;0,Effect_weapon01,0,1.2,3,4,0,255;255;255;255,,,,,1,1;1;1,0;0;0
12012,h_120_gina_effect_05,0;0;0,0;0;0,Effect_handleft,0,2.4,2.7,3,0,255;255;255;255,,,,,1,1;1;1,0;0;0
12020,h_120_gina_effect_06,0;1;0,0;0;0,Effect_handleft,0,0,2.7,1,0,255;255;255;255,,,,,1,1;1;1,0;0;0
12021,h_120_gina_effect_07,0;0;0,0;0;0,Bip001,0,0,2.7,4,0,255;255;255;255,,,,,1,1;1;1,0;0;0
12022,h_120_gina_effect_08,0;0;0,0;0;0,Effect_spine,0,0,2.7,4,0,255;255;255;255,,,,,1,-1;-1;-1,180;0;0
2310,m_023_yimi_effect_01,0;0;0,0;0;0,Effect_handleft,0,0,2.7,1,0,255;255;255;255,,,,,1,1;1;1,0;0;0
2311,m_023_yimi_effect_02,0;0;0,0;0;0,Effect_handleft,0,2,2.7,10,0,255;255;255;255,,,,,1,1;1;1,0;0;0
2312,m_023_yimi_effect_03,0;0;0,0;0;0,Effect_handleft,0,2.3,2.7,10,0,255;255;255;255,,,,,1,1;1;1,0;0;0
2313,m_023_yimi_effect_04,0;0;0,0;0;0,Effect_handleft,0,2.8,2.7,10,0,255;255;255;255,,,,,1,1;1;1,0;0;0
20020,p_tyro_effect_01,0;-3;0,0;0;0,Effect_weapon02,0,0.56,2.7,4,0,255;255;255;255,,,,,1,1;1;1,0;0;0
20021,p_tyro_effect_02,0;0;0,0;0;0,Effect_spine,0,2.5,2.7,10,0,255;255;255;255,,,,,1,1;1;1,0;0;0
20022,p_tyro_effect_03,0;0;0,0;0;0,Effect_spine,0,2.6,2.7,3,0,255;255;255;255,,,,,1,1;1;1,0;0;0
20010,p_tyro_effect_04,0;-1;0,0;0;0,Effect_handleft,0,0.21,2.7,1,0,255;255;255;255,,,,,1,1;1;1,0;0;0
20011,p_tyro_effect_05,0;0;0,0;0;0,Effect_spine,0,2.3,2.7,5,0,255;255;255;255,,,,,1,1;1;1,0;0;0
20012,p_tyro_effect_06,0;0;0,0;0;0,Effect_spine,0,2.55,4,5,0,255;255;255;255,,,,,1,1;1;1,0;0;0
20000,p_tyro_effect_07,0;0;0,0;0;0,Effect_handleft,0,0,2.7,1,0,255;255;255;255,,,,,1,1;1;1,0;0;0
20013,p_tyro_effect_08,0;0;0,0;0;0,Effect_spine,0,0.3,1,1,0,255;255;255;255,,,,,1,1;1;1,0;0;0
20023,p_tyro_effect_09,0;0;0,0;0;0,Effect_handleft,0,0,2.7,1,0,255;255;255;255,,,,,1,1;1;1,0;0;0
4900,m_049_poxiao8_effect_01,0;0;0,0;0;0,Bip001 L Hand,0,0,2.7,4,0,255;255;255;255,,,,,1,1;1;1,0;0;0
4901,m_049_poxiao8_effect_02,0;2;0,0;0;0,Effect_spine,0.4,0,2.7,2,0,255;255;255;255,,,,,1,1;1;1,0;0;0
4910,m_049_poxiao8_effect_03,0;0;0,0;0;0,Effect_spine,0,2,2,3,0,255;255;255;255,,,,,1,1;1;1,0;0;0
4911,m_049_poxiao8_effect_04,0;0;0,0;0;0,Bip001 L Hand,0,2,2.7,4,0,255;255;255;255,,,,,1,1;1;1,0;0;0
4912,m_049_poxiao8_effect_05,0;0;0,0;0;0,Bip001 R Hand,0,0.5,2.7,4,0,255;255;255;255,,,,,1,1;1;1,0;0;0
4920,m_049_poxiao8_effect_06,0;0;0,0;0;0,Effect_spine,0,0,2.7,3,0,255;255;255;255,,,,,1,1;1;1,0;0;0
4921,m_049_poxiao8_effect_07,0;0;0,0;0;0,Bip001 L Hand,0,2,2.7,4,0,255;255;255;255,,,,,1,1;1;1,0;0;0
4922,m_049_poxiao8_effect_08,0;0;0,0;0;0,Bip001 L Hand,0,0,2.7,4,0,255;255;255;255,,,,,1,1;1;1,0;0;0
11200,h_112_arthur_effect_01,0;0;0,0;0;0,Effect_spine,0,0.3,2.7,10,0,255;255;255;255,,,,,1,1;1;1,0;0;0
11201,h_112_arthur_effect_02,0;0;0,0;0;0,Effect_spine,0,0.85,2.7,10,0,255;255;255;255,,,,,1,1;1;1,0;0;0
11210,h_112_arthur_effect_03,0;0;0,0;0;0,Effect_spine,0,0.3,2.7,1,0,255;255;255;255,,,,,1,1;1;1,0;0;0
11211,h_112_arthur_effect_04,-0.4;0;0,0;0;0,Effect_spine,0,1.9,2.7,10,0,255;255;255;255,,,,,1,1;1;1,0;0;0
11212,h_112_arthur_effect_05,0;0;0,0;0;0,Effect_spine,0,1.2,2.7,4,0,255;255;255;255,,,,,1,1;1;1,0;0;0
11220,h_112_arthur_effect_06,0;0;0,0;0;0,Effect_spine,0,0,2.7,1,0,255;255;255;255,,,,,1,1;1;1,0;0;0
11221,h_112_arthur_effect_07,0;0;0,0;0;0,Effect_spine,0,0,2.7,1,0,255;255;255;255,,,,,1,1;1;1,0;0;0
11222,h_112_arthur_effect_08,0;0.5;0,0;0;0,Effect_head,0,0,13,4,0,255;255;255;255,,,,,0,1;1;1,0;0;0
12200,h_122_hunter_effect_01,0;0;0,0;0;0,Effect_weapon01,0,0,1,4,0,255;255;255;255,,,,,1,-1;-1;-1,0;180;0
12201,h_122_hunter_effect_02,0;0;0,0;0;0,Effect_weapon02,0,0,1,4,0,255;255;255;255,,,,,1,-1;-1;-1,0;180;0
12210,h_122_hunter_effect_03,0;0;0,0;0;0,Bip001,0,0,2,4,0,255;255;255;255,,,,,1,1;1;1,0;0;0
12211,h_122_hunter_effect_04,0;0;0,0;0;0,Effect_spine,0,0,2,1,0,255;255;255;255,,,,,1,1;1;1,0;0;0
12212,h_122_hunter_effect_05,0;0;0,0;0;0,Effect_weapon02,0,0,3,4,0,255;255;255;255,,,,,1,1;1;1,0;0;0
12213,h_122_hunter_effect_06,0;0;0,0;0;0,Effect_weapon02,0,2,1,4,0,255;255;255;255,,,,,1,-1;-1;-1,0;180;0
12220,h_122_hunter_effect_07,0;0;0,0;0;0,Effect_spine,0,0,3,1,0,255;255;255;255,,,,,1,1;1;1,0;0;0
12221,h_122_hunter_effect_08,0;0;0,0;0;0,Effect_weapon01,0,0,5,4,0,255;255;255;255,,,,,1,-1;-1;-1,0;180;0
410,m_004_goblin1_effect_01,0;0;0,0;0;0,Effect_spine,0,0.1,2.7,10,0,255;255;255;255,,,,,1,1;1;1,0;0;0
13900,h_139_miku_effect_01,0;0;0,0;0;0,Effect_Root,0,0,3,4,0,255;255;255;255,,,,,1,1;1;1,0;0;0
13910,h_139_miku_effect_02,0;0;0,0;0;0,Effect_spine,0,0,4,1,0,255;255;255;255,,,,,1,1;1;1,0;0;0
13920,h_139_miku_effect_03,0;0;0.3,0;0;0,Effect_spine,0,0,4,1,0,255;255;255;255,,,,,1,1;1;1,0;0;0
1500,m_015_jingling1_effect_01,0;0;0,0;0;0,Effect_spine,0,0,1,4,0,255;255;255;255,,,,,1,1;1;1,0;0;0
1510,m_015_jingling1_effect_02,0.2;1.5;0,0;0;0,Effect_spine,0,1.9,2,10,0,255;255;255;255,,,,,1,1;1;1,0;0;0
4300,m_043_kulou_effect_01,0;0;0,0;0;0,Effect_spine,0,0.8,2.7,10,0,255;255;255;255,,,,,1,1;1;1,0;0;0
4310,m_043_kulou_effect_02,0;0;0,0;0;0,Effect_spine,0,1.4,2.7,10,0,255;255;255;255,,,,,1,1;1;1,0;0;0
4311,m_043_kulou_effect_03,0;0;0,0;0;0,Effect_spine,0,0,2.7,1,0,255;255;255;255,,,,,1,1;1;1,0;0;0
10210,h_102_aier_effect_01,0;0;0,0;0;0,Effect_weapon01,0,0,3,4,0,255;255;255;255,,,,,1,-1;-1;-1,0;180;0
10211,h_102_aier_effect_02,0;0;0,0;0;0,Effect_spine,0,0,3,1,0,255;255;255;255,,,,,1,1;1;1,0;0;0
10212,h_102_aier_effect_03,1;1.5;0,0;0;0,Effect_spine,0.4,0,2.7,2,0,255;255;255;255,,,,,1,1;1;1,0;0;0
10220,h_102_aier_effect_04,0;0;0,0;0;0,Effect_weapon01,0,0,3,4,0,255;255;255;255,,,,,1,-1;-1;-1,0;180;0
10221,h_102_aier_effect_05,0;0;0,0;0;0,Effect_spine,0,0,3,1,0,255;255;255;255,,,,,1,1;1;1,0;0;0
10222,h_102_aier_effect_06,0;0;0,0;0;0,Effect_spine,0,2,3,1,0,255;255;255;255,,,,,1,1;1;1,0;0;0
10510,h_105_jiegeng_effect_01,0;0;0,0;0;0,Effect_spine,0,0,3,1,0,255;255;255;255,,,,,1,1;1;1,0;0;0
10511,h_105_jiegeng_effect_02,0;0;0,0;0;0,Effect_spine,0,2,2,3,0,255;255;255;255,,,,,1,1;1;1,0;0;0
10520,h_105_jiegeng_effect_03,0;0;0,0;0;0,Bip001 L Hand,0,0,3,4,0,255;255;255;255,,,,,1,1;1;1,0;0;0
10521,h_105_jiegeng_effect_04,0;0;0,0;0;0,Effect_spine,0,2,3,3,0,255;255;255;255,,,,,1,1;1;1,0;0;0
10522,h_105_jiegeng_effect_05,0;0;0,0;0;0,Effect_spine,0,0,4,1,0,255;255;255;255,,,,,1,1;1;1,0;0;0
10523,h_105_jiegeng_effect_06,0;0;0,0;0;0,Effect_spine,0,3.1,3,3,0,255;255;255;255,,,,,1,1;1;1,0;0;0
13810,h_138_leila_effect_01,0;0;0,0;0;0,Effect_spine,0,2,3,10,0,255;255;255;255,,,,,1,1;1;1,0;0;0
13811,h_138_leila_effect_02,0;0;0,0;0;0,Effect_weapon02,0,0,3,4,0,255;255;255;255,,,,,1,1;1;1,0;0;0
13812,h_138_leila_effect_03,0;0;0,0;0;0,Effect_weapon01,0,0,3,4,0,255;255;255;255,,,,,1,1;1;1,0;0;0
13813,h_138_leila_effect_04,0;0;0,0;0;0,Effect_spine,0,2.7,5,10,0,255;255;255;255,,,,,1,1;1;1,0;0;0
13820,h_138_leila_effect_05,0;2;0,0;0;0,Effect_Root,0,0,3,4,0,255;255;255;255,,,,,1,1;1;1,0;0;0
13821,h_138_leila_effect_06,0;0;0,0;0;0,Effect_spine,0,2,3,3,0,255;255;255;255,,,,,1,1;1;1,0;0;0
13822,h_138_leila_effect_08,0;0;0,0;0;0,Effect_spine,0,0,3,4,0,255;255;255;255,,,,,1,1;1;1,0;0;0
5300,m_053_gunner_effect_01,0;0;0,0;0;0,Effect_spine,0,0.9,3,10,0,255;255;255;255,,,,,1,1;1;1,0;0;0
5301,m_053_gunner_effect_02,0;0;0,0;0;0,Effect_spine,0,1.7,3,1,0,255;255;255;255,,,,,1,1;1;1,0;0;0
5302,m_053_gunner_effect_03,0;0;0,0;0;0,Effect_spine,0,0.5,3,1,0,255;255;255;255,,,,,1,1;1;1,0;0;0
5303,m_053_gunner_effect_04,0;0;0,0;0;0,Bip001_Bone_wp_16,0,0.5,3,4,0,255;255;255;255,,,,,1,1;1;1,0;0;0
5304,m_053_gunner_effect_05,0;0;0,0;0;0,Bip001_Bone_wp_45,0,0.5,3,4,0,255;255;255;255,,,,,1,1;1;1,0;0;0
5305,m_053_gunner_effect_06,0;0;0,0;0;0,Effect_spine,0,0,3,1,0,255;255;255;255,,,,,1,1;1;1,0;0;0
5306,m_053_gunner_effect_07,0;0;0,0;0;0,Effect_spine,0,0,3,4,0,255;255;255;255,,,,,1,1;1;1,0;0;0
5307,m_053_gunner_t1_effect_01,0;0;0,0;0;0,Bip001_Bone_wp_53,0,0.5,3,4,0,255;255;255;255,,,,,1,1;1;1,0;0;0
5308,m_053_gunner_t1_effect_02,0;0;0,0;0;0,Bip001_Bone_wp_21,0,0.5,3,4,0,255;255;255;255,,,,,1,1;1;1,0;0;0
5309,m_053_gunner_t1_effect_03,0;0;0,0;0;0,Bip001_Bone_wp_20,0,0,3,4,0,255;255;255;255,,,,,1,1;1;1,0;0;0
5310,m_053_gunner_t1_effect_04,0;0;0,0;0;0,Bip001_Bone_wp_52,0,0,3,4,0,255;255;255;255,,,,,1,1;1;1,0;0;0
5311,m_053_gunner_t1_effect_05,0;0;0,0;0;0,Bip001_Bone_wp_21,0,0,3,4,0,255;255;255;255,,,,,1,1;1;1,0;0;0
5312,m_053_gunner_t1_effect_06,0;0;0,0;0;0,Bip001_Bone_wp_53,0,0,3,4,0,255;255;255;255,,,,,1,1;1;1,0;0;0
5313,m_053_gunner_t1_effect_07,0;0;0,0;0;0,Bip001_Bone_wp_24,0,0,3,4,0,255;255;255;255,,,,,1,1;1;1,0;0;0
5314,m_053_gunner_t1_effect_08,0;0;0,0;0;0,Bip001_Bone_wp_50,0,0,3,4,0,255;255;255;255,,,,,1,1;1;1,0;0;0
5315,m_053_gunner_t1_effect_09,0;0;0,0;0;0,Effect_spine,0,0,5,1,0,255;255;255;255,,,,,1,1;1;1,0;0;0
5316,m_053_gunner_t1_effect_10,0;0;0,0;0;0,Effect_spine,0,0,3,1,0,255;255;255;255,,,,,1,1;1;1,0;0;0
5317,m_053_gunner_t1_effect_11,0;0;0,0;0;0,Effect_spine,0,0,3,1,0,255;255;255;255,,,,,1,1;1;1,0;0;0
5318,m_053_gunner_t1_effect_12,0;0;0,0;0;0,Effect_spine,0,0,3,1,0,255;255;255;255,,,,,1,1;1;1,0;0;0
5319,m_053_gunner_t1_effect_13,0;0;0,0;0;0,Effect_spine,0,0,3,1,0,255;255;255;255,,,,,1,1;1;1,0;0;0
5320,m_053_gunner_t2_effect_01,0;0;0,0;0;0,Effect_spine,0,0,3,1,0,255;255;255;255,,,,,1,1;1;1,0;0;0
5321,m_053_gunner_t2_effect_02,0;0;0,0;0;0,Bip001_Bone_wp_12,0,0,3,4,0,255;255;255;255,,,,,1,1;1;1,0;0;0
5322,m_053_gunner_t2_effect_03,0;0;0,0;0;0,Bip001_Bone_wp_35,0,0,3,4,0,255;255;255;255,,,,,1,1;1;1,0;0;0
5323,m_053_gunner_t2_effect_04,0;0;0,0;0;0,Effect_spine,0,0,3,1,0,255;255;255;255,,,,,1,1;1;1,0;0;0
5324,m_053_gunner_t2_effect_05,0;0;0,0;0;0,Bip001_Bone_wp_12,0,0.1,3,4,0,255;255;255;255,,,,,1,1;1;1,0;0;0
5325,m_053_gunner_t2_effect_06,0;0;0,0;0;0,Bip001_Bone_wp_35,0,0.1,3,4,0,255;255;255;255,,,,,1,1;1;1,0;0;0
5326,m_053_gunner_t2_effect_07,0;0;0,0;0;0,Effect_spine,0,1.3,3,3,0,255;255;255;255,,,,,1,1;1;1,0;0;0
5327,m_053_gunner_t2_effect_08,0;0;0,0;0;0,Effect_spine,0,1.26,3,3,0,255;255;255;255,,,,,1,1;1;1,0;0;0
5000,m_050_warrior_effect_01,0;0;0,0;0;0,Effect_spine,0,0.6,3,3,0,255;255;255;255,,,,,0,1;1;1,0;0;0
5001,m_050_warrior_effect_02,0;0;0,0;0;0,Effect_spine,0,0,3,1,0,255;255;255;255,,,,,1,1;1;1,0;0;0
5002,m_050_warrior_effect_03,0;0;0,0;0;0,Effect_spine,0,0.79,3,3,0,255;255;255;255,,,,,1,1;1;1,0;0;0
5003,m_050_warrior_effect_04,0;0;0,0;0;0,Effect_spine,0,0,3,1,0,255;255;255;255,,,,,1,1;1;1,0;0;0
5004,m_050_warrior_effect_05,0;0;0,0;0;0,Effect_spine,0,0.8,3,3,0,255;255;255;255,,,,,1,1;1;1,0;0;0
5005,m_050_warrior_effect_06,0;0;0,0;0;0,Effect_spine,0,0.2,3,1,0,255;255;255;255,,,,,1,1;1;1,0;0;0
5006,m_050_warrior_effect_07,0;0;0,0;0;0,Effect_spine,0,2,3,3,0,255;255;255;255,,,,,1,1;1;1,0;0;0
5007,m_050_warrior_effect_08,0;0;0,0;0;0,Effect_spine,0,0,3,3,0,255;255;255;255,,,,,1,1;1;1,0;0;0
5008,m_050_warrior_effect_09,-1;0;0,0;0;0,Effect_spine,0,0.1,3,1,0,255;255;255;255,,,,,1,1;1;1,0;0;0
5009,m_050_warrior_effect_10,0;0;0,0;0;0,Effect_spine,0,2,3,3,0,255;255;255;255,,,,,1,1;1;1,0;0;0
5010,m_050_warrior_effect_11,0;0;0,0;0;0,Effect_spine,0,0,3,4,0,255;255;255;255,,,,,1,1;1;1,0;0;0
5011,m_050_warrior_effect_12,0;0;0,0;0;0,Effect_weapon01,0,0.8,3,4,0,255;255;255;255,,,,,1,-1;-1;-1,180;0;180
5012,m_050_warrior_effect_13,0;0;0,0;0;0,Effect_weapon01,0,0.8,3,4,0,255;255;255;255,,,,,1,-1;-1;-1,180;0;180
5013,m_050_warrior_effect_14,0;0;0,0;0;0,Effect_weapon02,0,0.8,3,4,0,255;255;255;255,,,,,1,1;1;1,0;0;0
5014,m_050_warrior_effect_15,0;0;0,0;0;0,Effect_spine,0,2,3,3,0,255;255;255;255,,,,,1,1;1;1,0;0;0
5015,m_050_warrior_effect_16,0;0;0,0;0;0,Effect_spine,0,0.35,3,1,0,255;255;255;255,,,,,1,1;1;1,0;0;0
5016,m_050_warrior_effect_17,0;0;0,0;0;0,Effect_Root,0,0.35,3,1,0,255;255;255;255,,,,,1,1;1;1,0;0;0
14800,h_148_qianqian_effect_01,0;0;0,0;0;0,Effect_Root,0,0,3,4,0,255;255;255;255,,,,,1,-1;-1;-1,180;180;0
14801,h_148_qianqian_effect_02,0;0;0,0;0;0,Effect_spine,0,0,3,10,0,255;255;255;255,,,,,1,1;1;1,0;0;0
14802,h_148_qianqian_effect_03,0;0;0,0;0;0,Effect_spine,0,0,3,10,0,255;255;255;255,,,,,1,1;1;1,0;0;0
14803,h_148_qianqian_effect_04,0;0;0,0;0;0,Bip001_bone52,0,0,3,10,0,255;255;255;255,,,,,1,-1;-1;-1,0;0;0
14804,h_148_qianqian_effect_05,0;0;0,0;0;0,Effect_spine,0,0,3,1,1,255;255;255;255,,,,,1,1;1;1,0;0;0
14805,h_148_qianqian_effect_06,0;0;0,0;0;0,Effect_Root,0,0,3,10,0,255;255;255;255,,,,,1,-1;-1;-1,0;0;0
14806,h_148_qianqian_effect_07,0;0;0,0;0;0,Effect_spine,0,0,5,10,0,255;255;255;255,,,,,1,-1;-1;-1,0;0;0
14807,h_148_qianqian_effect_08,0;0;0,0;0;0,Effect_spine,0,0,3,1,0,255;255;255;255,,,,,1,1;1;1,0;0;0
14808,h_148_qianqian_effect_09,0;0;0,0;0;0,Effect_spine,0,0.35,3,1,1,255;255;255;255,,,,,1,1;1;1,0;0;0
14809,h_148_qianqian_effect_10,0;0;0,0;0;0,Effect_spine,0,0.1,3,1,0,255;255;255;255,,,,,1,1;1;1,0;0;0
14810,h_148_qianqian_effect_11,0;0;0,0;0;0,Effect_spine,0,0,3,10,0,255;255;255;255,,,,,1,1;1;1,0;0;0
14811,h_148_qianqian_effect_12,0;0;0,0;0;0,Effect_spine,0,0,5,5,0,255;255;255;255,,,,,1,1;1;1,0;0;0
14812,h_148_qianqian_effect_13,0;0;0,0;0;0,Bip001,0,0,5,4,0,255;255;255;255,,,,,1,-1;-1;-1,0;180;0
14813,h_148_qianqian_effect_14,0;0;0,0;0;0,Effect_spine,0,0.8,3,10,0,255;255;255;255,,,,,1,1;1;1,0;0;0
20300,p_warrior_effect_01,0;0;0,0;0;0,Effect_spine,0,0,5,5,0,255;255;255;255,,,,,1,1;1;1,0;0;0
20301,p_warrior_effect_02,0;0;0,0;0;0,Effect_spine,0,0,5,10,0,255;255;255;255,,,,,1,1;1;1,0;0;0
20302,p_warrior_effect_03,0;0;0,0;0;0,Effect_spine,0,0,5,1,0,255;255;255;255,,,,,1,1;1;1,0;0;0
20303,p_warrior_effect_04,0;0;0,0;0;0,Bip001 Wp01,0,0,5,4,0,255;255;255;255,,,,,1,-1;-1;-1,180;0;0
20304,p_warrior_effect_05,0;0;0,0;0;0,Effect_spine,0,0,5,1,0,255;255;255;255,,,,,1,1;1;1,0;0;0
20305,p_warrior_effect_06,0;0;0,0;0;0,Bip001 Wp01,0,0,5,4,0,255;255;255;255,,,,,1,-1;-1;-1,180;0;0
20306,p_warrior_effect_07,0;0;0,0;0;0,Effect_spine,0,0,5,1,0,255;255;255;255,,,,,1,1;1;1,0;0;0
20307,p_warrior_effect_08,0;0;0,0;0;0,Effect_spine,0,0,5,3,0,255;255;255;255,,,,,1,1;1;1,0;0;0
20308,p_warrior_effect_09,0;0;0,0;0;0,Effect_spine,0,0,5,10,0,255;255;255;255,,,,,1,1;1;1,0;0;0
20309,p_warrior_effect_10,0;0;0,0;0;0,Effect_spine,0,0,5,10,0,255;255;255;255,,,,,1,1;1;1,0;0;0
20310,p_warrior_effect_11,0;0;-0.3,0;0;0,Effect_spine,0,0,0.8,1,0,255;255;255;255,,,,,0,1;1;1,0;0;0
14900,h_149_fanfan_effect_01,0;0;0,0;0;0,Bip001_gong,0,0,5,4,0,255;255;255;255,,,,,1,-1;-1;-1,180;180;0
14901,h_149_fanfan_effect_02,0;0;0,0;0;0,Effect_spine,0,0,5,1,0,255;255;255;255,,,,,1,1;1;1,0;0;0
14902,h_149_fanfan_effect_03,0;0;0,0;0;0,Effect_spine,0,3.1,5,3,0,255;255;255;255,,,,,1,1;1;1,0;0;0
14903,h_149_fanfan_effect_04,0;0;0,0;0;0,Bip001_gong,0,0,5,4,0,255;255;255;255,,,,,1,1;1;1,0;0;0
14904,h_149_fanfan_effect_05,0;0;0,0;0;0,Bip001_gong,0,0,5,4,0,255;255;255;255,,,,,1,-1;-1;-1,180;180;0
14905,h_149_fanfan_effect_06,0;0;0,0;0;0,Effect_spine,0,0,5,1,0,255;255;255;255,,,,,1,1;1;1,0;0;0
14906,m_027_rose2_effect_13,0;0;-0.3,0;0;0,Bip001_bone50,0,0,5,1,0,255;255;255;255,,,,,0,1;1;1,0;0;0
15010,h_150_yaoyao_effect_01,0;0;0,0;0;0,Effect_spine,0,0,4,1,0,255;255;255;255,,,,,1,1;1;1,0;0;0
15020,h_150_yaoyao_effect_02,0;0;0,0;0;0,Effect_spine,0,0,5,1,0,255;255;255;255,,,,,1,1;1;1,0;0;0
15000,h_150_yaoyao_effect_03,0;0;0,0;0;0,Effect_spine,0,0.7,5,10,0,255;255;255;255,,,,,1,1;1;1,0;0;0
15001,h_150_yaoyao_effect_04,0;0;0,0;0;0,Effect_spine,0,0,5,1,0,255;255;255;255,,,,,1,1;1;1,0;0;0
15100,h_151_mika_effect_01,0;0;0,0;0;0,Effect_spine,0,0,5,1,0,255;255;255;255,,,,,1,1;1;1,0;0;0
15101,h_151_mika_effect_02,0;0;0,0;0;0,Effect_spine,0,0,1,1,0,255;255;255;255,,,,,1,1;1;1,0;0;0
15110,h_151_mika_effect_03,0;0;0,0;0;0,Effect_spine,0,0,1,1,0,255;255;255;255,,,,,1,1;1;1,0;0;0
15111,h_151_mika_effect_04,0;0;0,0;0;0,Effect_spine,0,0,5,5,0,255;255;255;255,,,,,1,1;1;1,0;0;0
15120,h_151_mika_effect_05,0;0;0,0;0;0,Effect_spine,0,0.3,5,1,0,255;255;255;255,,,,,1,1;1;1,0;0;0
15121,h_151_mika_effect_06,0;0;0,0;0;0,Effect_spine,0,0,5,5,0,255;255;255;255,,,,,1,1;1;1,0;0;0
15122,h_151_mika_effect_07,0;0;0,0;0;0,Effect_spine,0,0,5,4,0,255;255;255;255,,,,,1,1;1;1,0;0;0
15102,h_151_mika_effect_08,0;0;0,0;0;0,Bip001 L Foot,0,1.4,5,4,0,255;255;255;255,,,,,1,1;1;1,0;0;0
15112,h_151_mika_effect_09,0;0;0,0;0;0,Bip001 L Foot,0,1.9,5,4,0,255;255;255;255,,,,,1,1;1;1,0;0;0
15123,h_151_mika_effect_10,0;0;0,0;0;0,Bip001 L Foot,0,0,5,4,0,255;255;255;255,,,,,1,1;1;1,0;0;0
15124,h_151_mika_effect_11,0;0;0,0;0;0,Bip001 R Foot,0,0.7,5,4,0,255;255;255;255,,,,,1,1;1;1,0;0;0
15210,h_152_zixi_effect_01,0;0;0,0;0;0,Effect_spine,0,0,5,1,0,255;255;255;255,,,,,1,1;1;1,0;0;0
15201,h_152_zixi_effect_02,0;0;0,0;0;0,Bip001 Prop1,0,0,5,4,0,255;255;255;255,,,,,1,1;1;1,0;0;0
15220,h_152_zixi_effect_03,0;0;0,0;0;0,Effect_spine,0,0,5,1,0,255;255;255;255,,,,,1,1;1;1,0;0;0
15200,h_152_zixi_effect_04,0;0;0,0;0;0,Effect_spine,0,0,5,5,0,255;255;255;255,,,,,1,1;1;1,0;0;0
15202,h_152_zixi_effect_05,0;2;0,0;0;0,Effect_spine,0.3,0,5,2,0,255;255;255;255,,,,,1,1;1;1,0;0;0

