id,type,name,icon,des,quality,lv,money,prize_id,stack,jump_page,hero_type,count,universal_id,remark1,remark2
1,25,sheet_item.name.1,box_gift_4,sheet_item.description.1,3,0,0,90100001,99,,0,84,,新浪,专属礼包
2,25,sheet_item.name.2,box_gift_4,sheet_item.description.2,3,0,0,90100002,99,,0,84,,18183,专属礼包
3,25,sheet_item.name.3,box_gift_4,sheet_item.description.3,3,0,0,90100003,99,,0,84,,5253多玩,专属礼包
4,25,sheet_item.name.4,box_gift_4,sheet_item.description.4,3,0,0,90100004,99,,0,84,,游戏多,专属礼包
5,25,sheet_item.name.5,box_gift_4,sheet_item.description.5,3,0,0,90100005,99,,0,84,,超好玩,专属礼包
6,25,sheet_item.name.6,box_gift_4,sheet_item.description.6,3,0,0,90100006,99,,0,84,,着迷网,专属礼包
7,25,sheet_item.name.7,box_gift_4,sheet_item.description.7,3,0,0,90100007,99,,0,84,,任玩堂,专属礼包
8,25,sheet_item.name.8,box_gift_4,sheet_item.description.8,3,0,0,90100008,99,,0,84,,口袋巴士,专属礼包
9,25,sheet_item.name.9,box_gift_4,sheet_item.description.9,3,0,0,90100009,99,,0,84,,搞趣网,专属礼包
10,25,sheet_item.name.10,box_gift_4,sheet_item.description.10,3,0,0,90100010,99,,0,84,,手游通,专属礼包
11,25,sheet_item.name.11,box_gift_4,sheet_item.description.11,3,0,0,90100011,99,,0,84,,不凡游戏网,专属礼包
12,25,sheet_item.name.12,box_gift_4,sheet_item.description.12,3,0,0,90100012,99,,0,84,,1688wan,专属礼包
13,25,sheet_item.name.13,box_gift_4,sheet_item.description.13,3,0,0,90100013,99,,0,84,,开服网手游,专属礼包
14,25,sheet_item.name.14,box_gift_4,sheet_item.description.14,3,0,0,90100014,99,,0,84,,魔方网,专属礼包
15,25,sheet_item.name.15,box_gift_4,sheet_item.description.15,3,0,0,90100015,99,,0,84,,游久网,专属礼包
16,25,sheet_item.name.16,box_gift_4,sheet_item.description.16,3,0,0,90100016,99,,0,84,,七匣子,专属礼包
17,25,sheet_item.name.17,box_gift_1,sheet_item.description.17,3,0,0,90100017,99,,0,84,,媒体,新手礼包
18,25,sheet_item.name.18,box_gift_2,sheet_item.description.18,3,0,0,90100018,99,,0,84,,媒体,进阶礼包
19,25,sheet_item.name.19,box_gift_3,sheet_item.description.19,3,0,0,90100019,99,,0,84,,媒体,特殊礼包
20,25,sheet_item.name.20,box_gift_4,sheet_item.description.20,3,0,0,90100015,99,,0,84,,顺玩,媒体礼包
121,25,sheet_item.name.121,box_gift_1,sheet_item.description.121,3,0,0,90101001,99,,0,84,,百度,新手礼包
122,25,sheet_item.name.122,box_gift_3,sheet_item.description.122,3,0,0,90101003,99,,0,84,,百度,高级礼包
123,25,sheet_item.name.123,box_gift_5,sheet_item.description.123,3,0,0,90101006,99,,0,84,,百度,钻石礼包
252,25,sheet_item.name.252,box_gift_1,sheet_item.description.252,3,0,0,90101001,99,,0,84,,应用宝,新手礼包
253,25,sheet_item.name.253,box_gift_3,sheet_item.description.253,3,0,0,90101003,99,,0,84,,应用宝,高级礼包
254,25,sheet_item.name.254,box_gift_5,sheet_item.description.254,3,0,0,90101006,99,,0,84,,应用宝,豪华礼包
255,25,sheet_item.name.255,box_gift_3,sheet_item.description.255,3,0,0,90104001,99,,0,84,,应用宝,预约礼包
2501,25,sheet_item.name.2501,box_gift_2,sheet_item.description.2501,3,0,0,90102001,99,,0,84,,应用宝,签到礼包1
2502,25,sheet_item.name.2502,box_gift_2,sheet_item.description.2502,3,0,0,90102002,99,,0,84,,应用宝,签到礼包2
2503,25,sheet_item.name.2503,box_gift_2,sheet_item.description.2503,3,0,0,90102003,99,,0,84,,应用宝,签到礼包3
2504,25,sheet_item.name.2504,box_gift_2,sheet_item.description.2504,3,0,0,90102004,99,,0,84,,应用宝,签到礼包4
2505,25,sheet_item.name.2505,box_gift_2,sheet_item.description.2505,3,0,0,90102005,99,,0,84,,应用宝,签到礼包5
2506,25,sheet_item.name.2506,box_gift_2,sheet_item.description.2506,3,0,0,90102006,99,,0,84,,应用宝,签到礼包6
2507,25,sheet_item.name.2507,box_gift_2,sheet_item.description.2507,3,0,0,90102007,99,,0,84,,应用宝,签到礼包7
21,25,sheet_item.name.21,box_gift_1,sheet_item.description.21,3,0,0,90101001,99,,0,84,,顺网,新手礼包
22,25,sheet_item.name.22,box_gift_2,sheet_item.description.22,3,0,0,90101002,99,,0,84,,顺网,高级礼包
23,25,sheet_item.name.23,box_gift_3,sheet_item.description.23,3,0,0,90101004,99,,0,84,,顺网,钻石礼包
24,25,sheet_item.name.24,box_gift_5,sheet_item.description.24,3,0,0,90101006,99,,0,84,,顺网,白金礼包
31,25,sheet_item.name.31,box_gift_1,sheet_item.description.31,3,0,0,90101001,99,,0,84,,顺玩,新手礼包
32,25,sheet_item.name.32,box_gift_3,sheet_item.description.32,3,0,0,90101003,99,,0,84,,顺玩,特权礼包
33,25,sheet_item.name.33,box_gift_5,sheet_item.description.33,3,0,0,90101006,99,,0,84,,顺玩,独家礼包
71,25,sheet_item.name.71,box_gift_3,sheet_item.description.71,3,0,0,90101004,99,,0,84,,论坛,论坛礼包
101,25,sheet_item.name.101,icon_present,sheet_item.description.101,3,0,0,90101001,99,,0,84,,UC,新手礼包
102,25,sheet_item.name.102,box_gift_1,sheet_item.description.102,3,0,0,90101002,99,,0,84,,UC,公测礼包
103,25,sheet_item.name.103,box_gift_2,sheet_item.description.103,3,0,0,90101003,99,,0,84,,UC,高级礼包
104,25,sheet_item.name.104,box_gift_3,sheet_item.description.104,3,0,0,90101004,99,,0,84,,UC,钻石礼包
105,25,sheet_item.name.105,box_gift_4,sheet_item.description.105,3,0,0,90101005,99,,0,84,,UC,白金礼包
106,25,sheet_item.name.106,box_gift_5,sheet_item.description.106,3,0,0,90101006,99,,0,84,,UC,独家礼包
161,25,sheet_item.name.161,icon_present,sheet_item.description.161,3,0,0,90101001,99,,0,84,,360,新手礼包
162,25,sheet_item.name.162,box_gift_1,sheet_item.description.162,3,0,0,90101002,99,,0,84,,360,公测礼包
163,25,sheet_item.name.163,box_gift_2,sheet_item.description.163,3,0,0,90101003,99,,0,84,,360,高级礼包
164,25,sheet_item.name.164,box_gift_3,sheet_item.description.164,3,0,0,90101004,99,,0,84,,360,钻石礼包
165,25,sheet_item.name.165,box_gift_4,sheet_item.description.165,3,0,0,90101005,99,,0,84,,360,白金礼包
166,25,sheet_item.name.166,box_gift_5,sheet_item.description.166,3,0,0,90101006,99,,0,84,,360,独家礼包
171,25,sheet_item.name.171,icon_present,sheet_item.description.171,3,0,0,90101001,99,,0,84,,小米,新手礼包
172,25,sheet_item.name.172,box_gift_1,sheet_item.description.172,3,0,0,90101002,99,,0,84,,小米,公测礼包
173,25,sheet_item.name.173,box_gift_2,sheet_item.description.173,3,0,0,90101003,99,,0,84,,小米,高级礼包
174,25,sheet_item.name.174,box_gift_3,sheet_item.description.174,3,0,0,90101004,99,,0,84,,小米,钻石礼包
175,25,sheet_item.name.175,box_gift_4,sheet_item.description.175,3,0,0,90101005,99,,0,84,,小米,白金礼包
176,25,sheet_item.name.176,box_gift_5,sheet_item.description.176,3,0,0,90101006,99,,0,84,,小米,独家礼包
241,25,sheet_item.name.241,box_gift_1,sheet_item.description.241,3,0,0,90101001,99,,0,84,,华为,新手礼包
242,25,sheet_item.name.242,box_gift_2,sheet_item.description.242,3,0,0,90101002,99,,0,84,,华为,特权礼包
243,25,sheet_item.name.243,box_gift_3,sheet_item.description.243,3,0,0,90101004,99,,0,84,,华为,高级礼包
244,25,sheet_item.name.244,box_gift_5,sheet_item.description.244,3,0,0,90101006,99,,0,84,,华为,独家礼包
191,25,sheet_item.name.191,box_gift_1,sheet_item.description.191,3,0,0,90101001,99,,0,84,,OPPO,新手礼包
192,25,sheet_item.name.192,box_gift_3,sheet_item.description.192,3,0,0,90101003,99,,0,84,,OPPO,特权礼包
193,25,sheet_item.name.193,box_gift_5,sheet_item.description.193,3,0,0,90101006,99,,0,84,,OPPO,独家礼包
201,25,sheet_item.name.201,box_gift_1,sheet_item.description.201,3,0,0,90101001,99,,0,84,,VIVO,新手礼包
202,25,sheet_item.name.202,box_gift_3,sheet_item.description.202,3,0,0,90101003,99,,0,84,,VIVO,特权礼包
203,25,sheet_item.name.203,box_gift_5,sheet_item.description.203,3,0,0,90101006,99,,0,84,,VIVO,独家礼包
311,25,sheet_item.name.311,box_gift_1,sheet_item.description.311,3,0,0,90101001,99,,0,84,,魅族,新手礼包
312,25,sheet_item.name.312,box_gift_3,sheet_item.description.312,3,0,0,90101003,99,,0,84,,魅族,特权礼包
313,25,sheet_item.name.313,box_gift_5,sheet_item.description.313,3,0,0,90101006,99,,0,84,,魅族,独家礼包
321,25,sheet_item.name.321,box_gift_1,sheet_item.description.321,3,0,0,90101001,99,,0,84,,酷派,新手礼包
322,25,sheet_item.name.322,box_gift_3,sheet_item.description.322,3,0,0,90101003,99,,0,84,,酷派,特权礼包
323,25,sheet_item.name.323,box_gift_5,sheet_item.description.323,3,0,0,90101006,99,,0,84,,酷派,独家礼包
341,25,sheet_item.name.341,box_gift_1,sheet_item.description.341,3,0,0,90101001,99,,0,84,,金立,新手礼包
342,25,sheet_item.name.342,box_gift_3,sheet_item.description.342,3,0,0,90101003,99,,0,84,,金立,特权礼包
343,25,sheet_item.name.343,box_gift_5,sheet_item.description.343,3,0,0,90101006,99,,0,84,,金立,独家礼包
231,25,sheet_item.name.231,box_gift_1,sheet_item.description.231,3,0,0,90101001,99,,0,84,,联想,新手礼包
232,25,sheet_item.name.232,box_gift_3,sheet_item.description.232,3,0,0,90101003,99,,0,84,,联想,特权礼包
233,25,sheet_item.name.233,box_gift_5,sheet_item.description.233,3,0,0,90101006,99,,0,84,,联想,独家礼包
234,25,sheet_item.name.234,box_gift_5,sheet_item.description.234,3,0,0,90103001,99,,0,84,,公关礼包,公关礼包
235,25,sheet_item.name.235,box_gift_5,sheet_item.description.235,3,0,0,90103002,99,,0,84,,官网礼包,官网礼包
181,25,sheet_item.name.181,box_gift_1,sheet_item.description.181,3,0,0,90101001,99,,0,84,,4399,新手礼包
182,25,sheet_item.name.182,box_gift_3,sheet_item.description.182,3,0,0,90101003,99,,0,84,,4399,特权礼包
183,25,sheet_item.name.183,box_gift_5,sheet_item.description.183,3,0,0,90101006,99,,0,84,,4399,独家礼包
9998,25,sheet_item.name.9998,box_gift_5,sheet_item.description.9998,3,0,0,909998,99,,0,84,,梦幻礼包,梦幻礼包
9999,25,sheet_item.name.9999,box_gift_5,sheet_item.description.9999,3,0,0,90104002,99,,0,84,,论坛通用礼包,论坛通用礼包
10011,1,sheet_item.name.10011,10011,sheet_item.description.10011,0,0,0,,99,,0,10,,一阶升星图纸,1星升2星材料
10012,1,sheet_item.name.10012,10012,sheet_item.description.10012,0,0,0,,99,,0,11,,二阶升星卷轴,2星升3星材料
10013,1,sheet_item.name.10013,10013,sheet_item.description.10013,0,0,0,,99,,0,12,,三阶升星矿石,3星升4星材料
10014,1,sheet_item.name.10014,10014,sheet_item.description.10014,0,0,0,,99,,0,13,,四阶升星核心,4星升5星材料
10015,1,sheet_item.name.10015,10015,sheet_item.description.10015,0,0,0,,99,,0,14,,五阶升星宝石,4星升6星材料
10021,1,sheet_item.name.10021,10021,sheet_item.description.10021,0,0,0,,99,,0,15,,一阶升星药剂,1星升2星材料
10022,1,sheet_item.name.10022,10022,sheet_item.description.10022,0,0,0,,99,,0,16,,二阶升星药剂,2星升3星材料
10023,1,sheet_item.name.10023,10023,sheet_item.description.10023,0,0,0,,99,,0,17,,三阶升星药剂,3星升4星材料
10024,1,sheet_item.name.10024,10024,sheet_item.description.10024,0,0,0,,99,,0,18,,四阶升星药剂,4星升5星材料
10025,1,sheet_item.name.10025,10025,sheet_item.description.10025,0,0,0,,99,,0,19,,五阶升星药剂,4星升6星材料
10031,1,sheet_item.name.10031,10031,sheet_item.description.10031,0,0,0,,99,,0,20,,一阶升星药水,1星升2星材料
10032,1,sheet_item.name.10032,10032,sheet_item.description.10032,0,0,0,,99,,0,21,,二阶升星药水,2星升3星材料
10033,1,sheet_item.name.10033,10033,sheet_item.description.10033,0,0,0,,99,,0,22,,三阶升星药水,3星升4星材料
10034,1,sheet_item.name.10034,10034,sheet_item.description.10034,0,0,0,,99,,0,23,,四阶升星药水,4星升5星材料
10035,1,sheet_item.name.10035,10035,sheet_item.description.10035,0,0,0,,99,,0,24,,五阶升星药水,4星升6星材料
10041,1,sheet_item.name.10041,10041,sheet_item.description.10041,0,0,0,,99,,0,25,,一阶充能钻石,2星通用材料C
10042,1,sheet_item.name.10042,10042,sheet_item.description.10042,0,0,0,,99,,0,26,,二阶充能药水,3星通用材料C
10043,1,sheet_item.name.10043,10043,sheet_item.description.10043,0,0,0,,99,,0,27,,三阶充能药水,4星通用材料C
10044,1,sheet_item.name.10044,10044,sheet_item.description.10044,0,0,0,,99,,0,28,,四阶充能药水,5星通用材料C
10045,1,sheet_item.name.10045,10045,sheet_item.description.10045,0,0,0,,99,,0,29,,五阶充能药水,6星通用材料C
10051,1,sheet_item.name.10051,10051,sheet_item.description.10051,0,0,0,,99,,0,30,,一阶封灵精华,2星通用材料D
10052,1,sheet_item.name.10052,10052,sheet_item.description.10052,0,0,0,,99,,0,31,,二阶封灵精华,3星通用材料D
10053,1,sheet_item.name.10053,10053,sheet_item.description.10053,0,0,0,,99,,0,32,,三阶封灵精华,4星通用材料D
10054,1,sheet_item.name.10054,10054,sheet_item.description.10054,0,0,0,,99,,0,33,,四阶封灵精华,5星通用材料D
10055,1,sheet_item.name.10055,10055,sheet_item.description.10055,0,0,0,,99,,0,34,,五阶封灵精华,6星通用材料D
10061,1,sheet_item.name.10061,10061,sheet_item.description.10061,0,0,0,,99,,1,35,10104,金刚石4星碎片,防御职业3升4星特殊材料
10062,1,sheet_item.name.10062,10062,sheet_item.description.10062,0,0,0,,99,,1,36,10105,金刚石5星原石,防御职业4升5星特殊材料
10063,1,sheet_item.name.10063,10063,sheet_item.description.10063,0,0,0,,99,,1,37,10106,金刚石6星矿石,防御职业5升6星特殊材料
10064,1,sheet_item.name.10064,10064,sheet_item.description.10064,0,0,0,,99,,2,38,10104,爆裂闪电4星核心,攻击职业3升4星特殊材料
10065,1,sheet_item.name.10065,10065,sheet_item.description.10065,0,0,0,,99,,2,39,10105,律动闪电5星核心,攻击职业4升5星特殊材料
10066,1,sheet_item.name.10066,10066,sheet_item.description.10066,0,0,0,,99,,2,40,10106,圣光闪电6星核心,攻击职业5升6星特殊材料
10067,1,sheet_item.name.10067,10067,sheet_item.description.10067,0,0,0,,99,,3,41,10104,魔法元素4星之力,法术职业3升4星特殊材料
10068,1,sheet_item.name.10068,10068,sheet_item.description.10068,0,0,0,,99,,3,42,10105,魔法元素5星之心,法术职业4升5星特殊材料
10069,1,sheet_item.name.10069,10069,sheet_item.description.10069,0,0,0,,99,,3,43,10106,魔法元素6星精魄,法术职业5升6星特殊材料
10070,1,sheet_item.name.10070,10070,sheet_item.description.10070,0,0,0,,99,,4,44,10104,低阶念力4星符文,辅助职业3升4星特殊材料
10071,1,sheet_item.name.10071,10071,sheet_item.description.10071,0,0,0,,99,,4,45,10105,中阶念力5星符文,辅助职业4升5星特殊材料
10072,1,sheet_item.name.10072,10072,sheet_item.description.10072,0,0,0,,99,,4,46,10106,高阶念力6星符文,辅助职业5升6星特殊材料
10073,1,sheet_item.name.10073,10073,sheet_item.description.10073,0,0,0,,99,,5,47,10104,灵魂之火4星碎片,全能职业3升4星特殊材料
10074,1,sheet_item.name.10074,10074,sheet_item.description.10074,0,0,0,,99,,5,48,10105,灵魂之火5星结晶,全能职业4升5星特殊材料
10075,1,sheet_item.name.10075,10075,sheet_item.description.10075,0,0,0,,99,,5,49,10106,灵魂之火6星核心,全能职业5升6星特殊材料
11001,1,sheet_item.name.11001,icon_equip_type_1,sheet_item.description.11001,0,0,0,,99,,0,47,,随机武器图标,
11002,1,sheet_item.name.11002,icon_equip_type_2,sheet_item.description.11002,0,0,0,,99,,0,48,,随机防具图标,
11003,1,sheet_item.name.11003,icon_equip_type_3,sheet_item.description.11003,0,0,0,,99,,0,49,,随机饰品图标,
90005,5,sheet_item.name.90005,5,sheet_item.description.90005,0,0,0,,-1,,0,-1,,英雄经验,
90007,7,sheet_item.name.90007,7,sheet_item.description.90007,0,0,0,,-1,,0,-1,,经验值,
90008,8,sheet_item.name.90008,8,sheet_item.description.90008,0,0,0,,-1,,0,-1,,金币,
90009,9,sheet_item.name.90009,9,sheet_item.description.90009,0,0,0,,-1,,0,-1,,钻石,
90010,10,sheet_item.name.90010,10,sheet_item.description.90010,0,0,0,,-1,,0,-1,,水晶,
90011,11,sheet_item.name.90011,11,sheet_item.description.90011,0,0,0,,-1,,0,-1,,行动力,
90014,14,sheet_item.name.90014,14,sheet_item.description.90014,0,0,0,,-1,,0,-1,,荣誉,
90015,15,sheet_item.name.90015,25,sheet_item.description.90015,0,0,0,,-1,,0,-1,,器魂,
90016,16,sheet_item.name.90016,90016,sheet_item.description.90016,0,0,0,,-1,,0,-1,,远征币,
90017,17,sheet_item.name.90017,17,sheet_item.description.90017,0,0,0,,-1,,0,-1,,世界boss资源,
90013,13,sheet_item.name.90013,13,sheet_item.description.90013,0,0,0,,-1,,0,-1,,挑战券,
90012,12,sheet_item.name.90012,12,sheet_item.description.90012,0,0,0,,-1,,0,-1,,世界树,
90018,18,sheet_item.name.90018,18,sheet_item.description.90018,0,0,0,,-1,,0,-1,,阵型点数,
90019,19,sheet_item.name.90019,19,sheet_item.description.90019,0,0,0,,-1,,0,-1,,帮派贡献,
90024,6,sheet_item.name.90024,24,sheet_item.description.90024,0,0,0,,-1,,0,-1,,PVP积分,
10100,1,sheet_item.name.10100,10100,sheet_item.description.10100,0,0,0,,99,,0,50,,魔法粉末,6星职业物攻武器兑换材料
10101,1,sheet_item.name.10101,10101,sheet_item.description.10101,0,0,0,,99,,0,51,,黄金粉末,6星职业魔法武器兑换材料
10102,1,sheet_item.name.10102,10102,sheet_item.description.10102,0,0,0,,99,,0,52,,普通契约书,6星职业衣服兑换材料
10103,1,sheet_item.name.10103,10103,sheet_item.description.10103,0,0,0,,99,,0,53,,高贵契约书,6星职业饰品兑换材料
10104,1,sheet_item.name.10104,10104,sheet_item.description.10104,0,0,0,,99,,0,54,,幻想药粉,3-4星万能材料
10105,1,sheet_item.name.10105,10105,sheet_item.description.10105,0,0,0,,99,,0,55,,梦幻药粉,4-5星万能材料
10106,1,sheet_item.name.10106,10106,sheet_item.description.10106,0,0,0,,99,,0,56,,魔幻药粉,5-6星万能材料
10107,1,sheet_item.name.10107,10107,sheet_item.description.10107,0,0,0,,99,,0,57,,一阶魔法卷轴,
10108,1,sheet_item.name.10108,10108,sheet_item.description.10108,0,0,0,,99,,0,58,,二阶魔法卷轴,
10109,1,sheet_item.name.10109,10109,sheet_item.description.10109,0,0,0,,99,,0,59,,三阶魔法卷轴,
10110,1,sheet_item.name.10110,10110,sheet_item.description.10110,0,0,0,,99,,0,60,,水晶碎片,
10111,1,sheet_item.name.10111,10111,sheet_item.description.10111,0,0,0,,99,,0,61,,水晶矿石,
10112,1,sheet_item.name.10112,10112,sheet_item.description.10112,0,0,0,,99,,0,62,,水晶原石,
10113,1,sheet_item.name.10113,10113,sheet_item.description.10113,0,0,0,,99,,0,63,,土元素碎片,
10114,1,sheet_item.name.10114,10114,sheet_item.description.10114,0,0,0,,99,,0,64,,土元素精华,
10115,1,sheet_item.name.10115,10115,sheet_item.description.10115,0,0,0,,99,,0,65,,土元素核心,
10116,1,sheet_item.name.10116,10116,sheet_item.description.10116,0,0,0,,99,,0,66,,凝视符文,
10117,1,sheet_item.name.10117,10117,sheet_item.description.10117,0,0,0,,99,,0,67,,凝视符石,
10118,1,sheet_item.name.10118,10118,sheet_item.description.10118,0,0,0,,99,,0,68,,祝福宝石,
10119,1,sheet_item.name.10119,10119,sheet_item.description.10119,0,0,0,,99,,0,69,,祝福灵石,
10120,1,sheet_item.name.10120,10120,sheet_item.description.10120,0,0,0,,99,,0,70,,祝福神石,
10121,1,sheet_item.name.10121,10121,sheet_item.description.10121,0,0,0,,99,,0,71,,一阶召唤石,
10122,1,sheet_item.name.10122,10122,sheet_item.description.10122,0,0,0,,99,,0,72,,二阶召唤石,
10123,1,sheet_item.name.10123,10123,sheet_item.description.10123,0,0,0,,99,,0,73,,三阶召唤石,
10124,1,sheet_item.name.10124,10124,sheet_item.description.10124,0,0,0,,99,,0,74,,一阶生命石,
10125,1,sheet_item.name.10125,10125,sheet_item.description.10125,0,0,0,,99,,0,75,,二阶生命石,
10126,1,sheet_item.name.10126,10126,sheet_item.description.10126,0,0,0,,99,,0,76,,三阶生命石,
10127,1,sheet_item.name.10127,10127,sheet_item.description.10127,0,0,0,,99,,0,77,,一阶熔岩石,
10128,1,sheet_item.name.10128,10128,sheet_item.description.10128,0,0,0,,99,,0,78,,二阶熔岩石,
10129,1,sheet_item.name.10129,10129,sheet_item.description.10129,0,0,0,,99,,0,79,,三阶熔岩石,
10130,1,sheet_item.name.10130,10130,sheet_item.description.10130,0,0,0,,99,,0,80,,玄铁矿,
10131,1,sheet_item.name.10131,10131,sheet_item.description.10131,0,0,0,,99,,0,81,,巫妖骷髅,
10132,1,sheet_item.name.10132,10132,sheet_item.description.10132,0,0,0,,99,,0,82,,圣子之心,
10133,1,sheet_item.name.10133,10133,sheet_item.description.10133,0,0,0,,99,,0,83,,世界boss荣誉展示,
10134,25,sheet_item.name.10134,icon_present,sheet_item.description.10134,0,0,0,405,99,,0,84,,随机礼包,
10135,25,sheet_item.name.10135,10135,sheet_item.description.10135,0,0,0,2001,99,,0,85,,随机礼包,
10136,25,sheet_item.name.10136,10136,sheet_item.description.10136,0,0,0,2002,99,,0,86,,随机礼包,
10137,25,sheet_item.name.10137,10137,sheet_item.description.10137,0,0,0,2003,99,,0,87,,随机礼包,
10138,1,sheet_item.name.10138,10138,sheet_item.description.10138,0,0,0,,99,,0,88,,"次元水晶,boss列表道具",
10200,20,sheet_item.name.10200,10200,sheet_item.description.10200,0,0,0,,99,,0,99,,使魔初材料,
10201,20,sheet_item.name.10201,10201,sheet_item.description.10201,0,0,0,,99,,0,100,,使魔01材料,
10202,20,sheet_item.name.10202,10202,sheet_item.description.10202,0,0,0,,99,,0,101,,使魔02材料,
10203,20,sheet_item.name.10203,10203,sheet_item.description.10203,0,0,0,,99,,0,102,,使魔03材料,
10500,2,sheet_item.name.10500,10500,sheet_item.description.10500,0,0,0,,99,,0,103,,扫荡卷,
10600,3,sheet_item.name.10600,10600,sheet_item.description.10600,2,0,0,402,999,,0,104,,小经验药水,
10601,3,sheet_item.name.10601,10601,sheet_item.description.10601,3,0,0,403,999,,0,105,,中经验药水,
10602,3,sheet_item.name.10602,10602,sheet_item.description.10602,4,0,0,404,999,,0,106,,大经验药水,
10300,1,sheet_item.name.10300,10300,sheet_item.description.10300,0,0,0,,99,,0,107,,灵魂结晶I,
10301,1,sheet_item.name.10301,10301,sheet_item.description.10301,0,0,0,,99,,0,108,,灵魂结晶II,
10302,1,sheet_item.name.10302,10302,sheet_item.description.10302,0,0,0,,99,,0,109,,灵魂结晶III,
10303,1,sheet_item.name.10303,10303,sheet_item.description.10303,0,0,0,,99,,0,110,,灵魂结晶VI,
10304,1,sheet_item.name.10304,10304,sheet_item.description.10304,0,0,0,,99,,0,111,,灵魂结晶V,
10310,1,sheet_item.name.10310,10310,sheet_item.description.10310,0,0,0,,99,,0,112,,熔炼合金・白,
10311,1,sheet_item.name.10311,10311,sheet_item.description.10311,0,0,0,,99,,0,113,,活力原石・白,
10312,1,sheet_item.name.10312,10312,sheet_item.description.10312,0,0,0,,99,,0,114,,熔炼合金・绿,
10313,1,sheet_item.name.10313,10313,sheet_item.description.10313,0,0,0,,99,,0,115,,魔力符印・绿,
10314,1,sheet_item.name.10314,10314,sheet_item.description.10314,0,0,0,,99,,0,116,,活力原石・绿,
10315,1,sheet_item.name.10315,10315,sheet_item.description.10315,0,0,0,,99,,0,117,,力量水晶・绿,
10316,1,sheet_item.name.10316,10316,sheet_item.description.10316,0,0,0,,99,,0,118,,熔炼合金・蓝,
10317,1,sheet_item.name.10317,10317,sheet_item.description.10317,0,0,0,,99,,0,119,,魔力符印・蓝,
10318,1,sheet_item.name.10318,10318,sheet_item.description.10318,0,0,0,,99,,0,120,,活力原石・蓝,
10319,1,sheet_item.name.10319,10319,sheet_item.description.10319,0,0,0,,99,,0,121,,力量水晶・蓝,
10320,1,sheet_item.name.10320,10320,sheet_item.description.10320,0,0,0,,99,,0,122,,熔炼合金・紫,
10321,1,sheet_item.name.10321,10321,sheet_item.description.10321,0,0,0,,99,,0,123,,魔力符印・紫,
10322,1,sheet_item.name.10322,10322,sheet_item.description.10322,0,0,0,,99,,0,124,,深渊号角・紫,
10323,1,sheet_item.name.10323,10323,sheet_item.description.10323,0,0,0,,99,,0,125,,活力原石・紫,
10324,1,sheet_item.name.10324,10324,sheet_item.description.10324,0,0,0,,99,,0,126,,力量水晶・紫,
10325,1,sheet_item.name.10325,10325,sheet_item.description.10325,0,0,0,,99,,0,127,,灵魂宝珠・紫,
10326,1,sheet_item.name.10326,10326,sheet_item.description.10326,0,0,0,,99,,0,128,,熔炼合金・橙,
10327,1,sheet_item.name.10327,10327,sheet_item.description.10327,0,0,0,,99,,0,129,,魔力符印・橙,
10328,1,sheet_item.name.10328,10328,sheet_item.description.10328,0,0,0,,99,,0,130,,深渊号角・橙,
10329,1,sheet_item.name.10329,10329,sheet_item.description.10329,0,0,0,,99,,0,131,,活力原石・橙,
10330,1,sheet_item.name.10330,10330,sheet_item.description.10330,0,0,0,,99,,0,132,,力量水晶・橙,
10331,1,sheet_item.name.10331,10331,sheet_item.description.10331,0,0,0,,99,,0,133,,灵魂宝珠・橙,
10350,1,sheet_item.name.10350,10350,sheet_item.description.10350,0,0,0,,99,,0,134,,幻之钢,
10360,1,sheet_item.name.10360,10130,sheet_item.description.10360,0,0,0,,99,,0,134,,一级附魔残片,
10361,1,sheet_item.name.10361,10130,sheet_item.description.10361,0,0,0,,99,,0,134,,二级附魔残片,
10362,1,sheet_item.name.10362,10130,sheet_item.description.10362,0,0,0,,99,,0,134,,三级附魔残片,
10363,1,sheet_item.name.10363,10130,sheet_item.description.10363,0,0,0,,99,,0,134,,四级附魔残片,
10364,1,sheet_item.name.10364,10130,sheet_item.description.10364,0,0,0,,99,,0,134,,五级附魔残片,
10701,1,sheet_item.name.10701,10701,sheet_item.description.10701,0,0,0,,99,,0,135,,突破30级材料,
10702,1,sheet_item.name.10702,10702,sheet_item.description.10702,0,0,0,,99,,0,136,,突破40级材料,
10703,1,sheet_item.name.10703,10703,sheet_item.description.10703,0,0,0,,99,,0,137,,突破50级材料,
11101,1,sheet_item.name.11101,10070,sheet_item.description.11101,0,0,0,,99,,0,135,,使魔1的技能1材料,
11102,1,sheet_item.name.11102,10070,sheet_item.description.11102,0,0,0,,99,,0,136,,使魔1的技能2材料,
11103,1,sheet_item.name.11103,10070,sheet_item.description.11103,0,0,0,,99,,0,137,,使魔1的技能3材料,
11104,1,sheet_item.name.11104,10070,sheet_item.description.11104,0,0,0,,99,,0,138,,使魔1的被动1材料,
11105,1,sheet_item.name.11105,10070,sheet_item.description.11105,0,0,0,,99,,0,139,,使魔1的被动2材料,
11106,1,sheet_item.name.11106,10070,sheet_item.description.11106,0,0,0,,99,,0,140,,使魔1的被动3材料,
11107,1,sheet_item.name.11107,10100,sheet_item.description.11107,0,0,0,,99,,0,141,,使魔1的养成1材料,红
11108,1,sheet_item.name.11108,10100,sheet_item.description.11108,0,0,0,,99,,0,142,,使魔1的养成2材料,蓝
11109,1,sheet_item.name.11109,10100,sheet_item.description.11109,0,0,0,,99,,0,143,,使魔1的养成3材料,橙
11110,1,sheet_item.name.11110,10100,sheet_item.description.11110,0,0,0,,99,,0,144,,使魔1的养成4材料,绿
11111,1,sheet_item.name.11111,10100,sheet_item.description.11111,0,0,0,,99,,0,145,,使魔1的养成5材料,黄
11112,1,sheet_item.name.11112,10100,sheet_item.description.11112,0,0,0,,99,,0,146,,使魔1的养成6材料,白
11113,1,sheet_item.name.11113,10100,sheet_item.description.11113,0,0,0,,99,,0,147,,使魔1的养成7材料,紫
11114,1,sheet_item.name.11114,10100,sheet_item.description.11114,0,0,0,,99,,0,148,,使魔1的养成8材料,黑
11201,1,sheet_item.name.11201,10070,sheet_item.description.11201,0,0,0,,99,,0,149,,使魔2的技能1材料,
11202,1,sheet_item.name.11202,10070,sheet_item.description.11202,0,0,0,,99,,0,150,,使魔2的技能2材料,
11203,1,sheet_item.name.11203,10070,sheet_item.description.11203,0,0,0,,99,,0,151,,使魔2的技能3材料,
11204,1,sheet_item.name.11204,10070,sheet_item.description.11204,0,0,0,,99,,0,152,,使魔2的被动1材料,
11205,1,sheet_item.name.11205,10070,sheet_item.description.11205,0,0,0,,99,,0,153,,使魔2的被动2材料,
11206,1,sheet_item.name.11206,10070,sheet_item.description.11206,0,0,0,,99,,0,154,,使魔2的被动3材料,
11207,1,sheet_item.name.11207,10100,sheet_item.description.11207,0,0,0,,99,,0,155,,使魔2的养成1材料,红
11208,1,sheet_item.name.11208,10100,sheet_item.description.11208,0,0,0,,99,,0,156,,使魔2的养成2材料,蓝
11209,1,sheet_item.name.11209,10100,sheet_item.description.11209,0,0,0,,99,,0,157,,使魔2的养成3材料,橙
11210,1,sheet_item.name.11210,10100,sheet_item.description.11210,0,0,0,,99,,0,158,,使魔2的养成4材料,绿
11211,1,sheet_item.name.11211,10100,sheet_item.description.11211,0,0,0,,99,,0,159,,使魔2的养成5材料,黄
11212,1,sheet_item.name.11212,10100,sheet_item.description.11212,0,0,0,,99,,0,160,,使魔2的养成6材料,白
11213,1,sheet_item.name.11213,10100,sheet_item.description.11213,0,0,0,,99,,0,161,,使魔2的养成7材料,紫
11214,1,sheet_item.name.11214,10100,sheet_item.description.11214,0,0,0,,99,,0,162,,使魔2的养成8材料,黑
11301,1,sheet_item.name.11301,10070,sheet_item.description.11301,0,0,0,,99,,0,163,,使魔3的技能1材料,
11302,1,sheet_item.name.11302,10070,sheet_item.description.11302,0,0,0,,99,,0,164,,使魔3的技能2材料,
11303,1,sheet_item.name.11303,10070,sheet_item.description.11303,0,0,0,,99,,0,165,,使魔3的技能3材料,
11304,1,sheet_item.name.11304,10070,sheet_item.description.11304,0,0,0,,99,,0,166,,使魔3的被动1材料,
11305,1,sheet_item.name.11305,10070,sheet_item.description.11305,0,0,0,,99,,0,167,,使魔3的被动2材料,
11306,1,sheet_item.name.11306,10070,sheet_item.description.11306,0,0,0,,99,,0,168,,使魔3的被动3材料,
11307,1,sheet_item.name.11307,10100,sheet_item.description.11307,0,0,0,,99,,0,169,,使魔3的养成1材料,红
11308,1,sheet_item.name.11308,10100,sheet_item.description.11308,0,0,0,,99,,0,170,,使魔3的养成2材料,蓝
11309,1,sheet_item.name.11309,10100,sheet_item.description.11309,0,0,0,,99,,0,171,,使魔3的养成3材料,橙
11310,1,sheet_item.name.11310,10100,sheet_item.description.11310,0,0,0,,99,,0,172,,使魔3的养成4材料,绿
11311,1,sheet_item.name.11311,10100,sheet_item.description.11311,0,0,0,,99,,0,173,,使魔3的养成5材料,黄
11312,1,sheet_item.name.11312,10100,sheet_item.description.11312,0,0,0,,99,,0,174,,使魔3的养成6材料,白
11313,1,sheet_item.name.11313,10100,sheet_item.description.11313,0,0,0,,99,,0,175,,使魔3的养成7材料,紫
11314,1,sheet_item.name.11314,10100,sheet_item.description.11314,0,0,0,,99,,0,176,,使魔3的养成8材料,黑
12000,1,sheet_item.name.12000,10110,sheet_item.description.12000,0,0,0,,99,,0,177,,星辰钻,宝石槽开启道具
20001,21,sheet_item.name.20001,20001,sheet_item.description.20001,2,1,0,,99,,0,178,,生命宝石I,
20002,21,sheet_item.name.20002,20002,sheet_item.description.20002,2,2,0,,99,,0,179,,生命宝石II,
20003,21,sheet_item.name.20003,20003,sheet_item.description.20003,3,3,0,,99,,0,180,,生命宝石III,
20004,21,sheet_item.name.20004,20004,sheet_item.description.20004,3,4,0,,99,,0,181,,生命宝石IV,
20005,21,sheet_item.name.20005,20005,sheet_item.description.20005,4,5,0,,99,,0,182,,生命宝石V,
20006,21,sheet_item.name.20006,20006,sheet_item.description.20006,4,6,0,,99,,0,183,,生命宝石VI,
20007,21,sheet_item.name.20007,20007,sheet_item.description.20007,5,7,0,,99,,0,184,,生命宝石VII,
20008,21,sheet_item.name.20008,20008,sheet_item.description.20008,5,8,0,,99,,0,185,,生命宝石VIII,
20009,21,sheet_item.name.20009,20009,sheet_item.description.20009,6,9,0,,99,,0,186,,生命宝石IX,
20010,21,sheet_item.name.20010,20010,sheet_item.description.20010,6,10,0,,99,,0,187,,生命宝石X,
20101,21,sheet_item.name.20101,20101,sheet_item.description.20101,2,1,0,,99,,0,188,,物攻宝石I,
20102,21,sheet_item.name.20102,20102,sheet_item.description.20102,2,2,0,,99,,0,189,,物攻宝石II,
20103,21,sheet_item.name.20103,20103,sheet_item.description.20103,3,3,0,,99,,0,190,,物攻宝石III,
20104,21,sheet_item.name.20104,20104,sheet_item.description.20104,3,4,0,,99,,0,191,,物攻宝石IV,
20105,21,sheet_item.name.20105,20105,sheet_item.description.20105,4,5,0,,99,,0,192,,物攻宝石V,
20106,21,sheet_item.name.20106,20106,sheet_item.description.20106,4,6,0,,99,,0,193,,物攻宝石VI,
20107,21,sheet_item.name.20107,20107,sheet_item.description.20107,5,7,0,,99,,0,194,,物攻宝石VII,
20108,21,sheet_item.name.20108,20108,sheet_item.description.20108,5,8,0,,99,,0,195,,物攻宝石VIII,
20109,21,sheet_item.name.20109,20109,sheet_item.description.20109,6,9,0,,99,,0,196,,物攻宝石IX,
20110,21,sheet_item.name.20110,20110,sheet_item.description.20110,6,10,0,,99,,0,197,,物攻宝石X,
20201,21,sheet_item.name.20201,20201,sheet_item.description.20201,2,1,0,,99,,0,198,,魔攻宝石I,
20202,21,sheet_item.name.20202,20202,sheet_item.description.20202,2,2,0,,99,,0,199,,魔攻宝石II,
20203,21,sheet_item.name.20203,20203,sheet_item.description.20203,3,3,0,,99,,0,200,,魔攻宝石III,
20204,21,sheet_item.name.20204,20204,sheet_item.description.20204,3,4,0,,99,,0,201,,魔攻宝石IV,
20205,21,sheet_item.name.20205,20205,sheet_item.description.20205,4,5,0,,99,,0,202,,魔攻宝石V,
20206,21,sheet_item.name.20206,20206,sheet_item.description.20206,4,6,0,,99,,0,203,,魔攻宝石VI,
20207,21,sheet_item.name.20207,20207,sheet_item.description.20207,5,7,0,,99,,0,204,,魔攻宝石VII,
20208,21,sheet_item.name.20208,20208,sheet_item.description.20208,5,8,0,,99,,0,205,,魔攻宝石VIII,
20209,21,sheet_item.name.20209,20209,sheet_item.description.20209,6,9,0,,99,,0,206,,魔攻宝石IX,
20210,21,sheet_item.name.20210,20210,sheet_item.description.20210,6,10,0,,99,,0,207,,魔攻宝石X,
20301,21,sheet_item.name.20301,20301,sheet_item.description.20301,2,1,0,,99,,0,208,,防御宝石I,
20302,21,sheet_item.name.20302,20302,sheet_item.description.20302,2,2,0,,99,,0,209,,防御宝石II,
20303,21,sheet_item.name.20303,20303,sheet_item.description.20303,3,3,0,,99,,0,210,,防御宝石III,
20304,21,sheet_item.name.20304,20304,sheet_item.description.20304,3,4,0,,99,,0,211,,防御宝石IV,
20305,21,sheet_item.name.20305,20305,sheet_item.description.20305,4,5,0,,99,,0,212,,防御宝石V,
20306,21,sheet_item.name.20306,20306,sheet_item.description.20306,4,6,0,,99,,0,213,,防御宝石VI,
20307,21,sheet_item.name.20307,20307,sheet_item.description.20307,5,7,0,,99,,0,214,,防御宝石VII,
20308,21,sheet_item.name.20308,20308,sheet_item.description.20308,5,8,0,,99,,0,215,,防御宝石VIII,
20309,21,sheet_item.name.20309,20309,sheet_item.description.20309,6,9,0,,99,,0,216,,防御宝石IX,
20310,21,sheet_item.name.20310,20310,sheet_item.description.20310,6,10,0,,99,,0,217,,防御宝石X,
20401,21,sheet_item.name.20401,20401,sheet_item.description.20401,2,1,0,,99,,0,208,,命中宝石I,
20402,21,sheet_item.name.20402,20402,sheet_item.description.20402,2,2,0,,99,,0,209,,命中宝石II,
20403,21,sheet_item.name.20403,20403,sheet_item.description.20403,3,3,0,,99,,0,210,,命中宝石III,
20404,21,sheet_item.name.20404,20404,sheet_item.description.20404,3,4,0,,99,,0,211,,命中宝石IV,
20405,21,sheet_item.name.20405,20405,sheet_item.description.20405,4,5,0,,99,,0,212,,命中宝石V,
20406,21,sheet_item.name.20406,20406,sheet_item.description.20406,4,6,0,,99,,0,213,,命中宝石VI,
20407,21,sheet_item.name.20407,20407,sheet_item.description.20407,5,7,0,,99,,0,214,,命中宝石VII,
20408,21,sheet_item.name.20408,20408,sheet_item.description.20408,5,8,0,,99,,0,215,,命中宝石VIII,
20409,21,sheet_item.name.20409,20409,sheet_item.description.20409,6,9,0,,99,,0,216,,命中宝石IX,
20410,21,sheet_item.name.20410,20410,sheet_item.description.20410,6,10,0,,99,,0,217,,命中宝石X,
20501,21,sheet_item.name.20501,20501,sheet_item.description.20501,2,1,0,,99,,0,208,,闪避宝石I,
20502,21,sheet_item.name.20502,20502,sheet_item.description.20502,2,2,0,,99,,0,209,,闪避宝石II,
20503,21,sheet_item.name.20503,20503,sheet_item.description.20503,3,3,0,,99,,0,210,,闪避宝石III,
20504,21,sheet_item.name.20504,20504,sheet_item.description.20504,3,4,0,,99,,0,211,,闪避宝石IV,
20505,21,sheet_item.name.20505,20505,sheet_item.description.20505,4,5,0,,99,,0,212,,闪避宝石V,
20506,21,sheet_item.name.20506,20506,sheet_item.description.20506,4,6,0,,99,,0,213,,闪避宝石VI,
20507,21,sheet_item.name.20507,20507,sheet_item.description.20507,5,7,0,,99,,0,214,,闪避宝石VII,
20508,21,sheet_item.name.20508,20508,sheet_item.description.20508,5,8,0,,99,,0,215,,闪避宝石VIII,
20509,21,sheet_item.name.20509,20509,sheet_item.description.20509,6,9,0,,99,,0,216,,闪避宝石IX,
20510,21,sheet_item.name.20510,20510,sheet_item.description.20510,6,10,0,,99,,0,217,,闪避宝石X,
20601,21,sheet_item.name.20601,20601,sheet_item.description.20601,2,1,0,,99,,0,208,,暴击宝石I,
20602,21,sheet_item.name.20602,20602,sheet_item.description.20602,2,2,0,,99,,0,209,,暴击宝石II,
20603,21,sheet_item.name.20603,20603,sheet_item.description.20603,3,3,0,,99,,0,210,,暴击宝石III,
20604,21,sheet_item.name.20604,20604,sheet_item.description.20604,3,4,0,,99,,0,211,,暴击宝石IV,
20605,21,sheet_item.name.20605,20605,sheet_item.description.20605,4,5,0,,99,,0,212,,暴击宝石V,
20606,21,sheet_item.name.20606,20606,sheet_item.description.20606,4,6,0,,99,,0,213,,暴击宝石VI,
20607,21,sheet_item.name.20607,20607,sheet_item.description.20607,5,7,0,,99,,0,214,,暴击宝石VII,
20608,21,sheet_item.name.20608,20608,sheet_item.description.20608,5,8,0,,99,,0,215,,暴击宝石VIII,
20609,21,sheet_item.name.20609,20609,sheet_item.description.20609,6,9,0,,99,,0,216,,暴击宝石IX,
20610,21,sheet_item.name.20610,20610,sheet_item.description.20610,6,10,0,,99,,0,217,,暴击宝石X,
20701,21,sheet_item.name.20701,20701,sheet_item.description.20701,2,1,0,,99,,0,208,,防暴宝石I,
20702,21,sheet_item.name.20702,20702,sheet_item.description.20702,2,2,0,,99,,0,209,,防暴宝石II,
20703,21,sheet_item.name.20703,20703,sheet_item.description.20703,3,3,0,,99,,0,210,,防暴宝石III,
20704,21,sheet_item.name.20704,20704,sheet_item.description.20704,3,4,0,,99,,0,211,,防暴宝石IV,
20705,21,sheet_item.name.20705,20705,sheet_item.description.20705,4,5,0,,99,,0,212,,防暴宝石V,
20706,21,sheet_item.name.20706,20706,sheet_item.description.20706,4,6,0,,99,,0,213,,防暴宝石VI,
20707,21,sheet_item.name.20707,20707,sheet_item.description.20707,5,7,0,,99,,0,214,,防暴宝石VII,
20708,21,sheet_item.name.20708,20708,sheet_item.description.20708,5,8,0,,99,,0,215,,防暴宝石VIII,
20709,21,sheet_item.name.20709,20709,sheet_item.description.20709,6,9,0,,99,,0,216,,防暴宝石IX,
20710,21,sheet_item.name.20710,20710,sheet_item.description.20710,6,10,0,,99,,0,217,,防暴宝石X,
20801,21,sheet_item.name.20801,20801,sheet_item.description.20801,2,1,0,,99,,0,208,,破击宝石I,
20802,21,sheet_item.name.20802,20802,sheet_item.description.20802,2,2,0,,99,,0,209,,破击宝石II,
20803,21,sheet_item.name.20803,20803,sheet_item.description.20803,3,3,0,,99,,0,210,,破击宝石III,
20804,21,sheet_item.name.20804,20804,sheet_item.description.20804,3,4,0,,99,,0,211,,破击宝石IV,
20805,21,sheet_item.name.20805,20805,sheet_item.description.20805,4,5,0,,99,,0,212,,破击宝石V,
20806,21,sheet_item.name.20806,20806,sheet_item.description.20806,4,6,0,,99,,0,213,,破击宝石VI,
20807,21,sheet_item.name.20807,20807,sheet_item.description.20807,5,7,0,,99,,0,214,,破击宝石VII,
20808,21,sheet_item.name.20808,20808,sheet_item.description.20808,5,8,0,,99,,0,215,,破击宝石VIII,
20809,21,sheet_item.name.20809,20809,sheet_item.description.20809,6,9,0,,99,,0,216,,破击宝石IX,
20810,21,sheet_item.name.20810,20810,sheet_item.description.20810,6,10,0,,99,,0,217,,破击宝石X,
20901,21,sheet_item.name.20901,20901,sheet_item.description.20901,2,1,0,,99,,0,208,,格挡宝石I,
20902,21,sheet_item.name.20902,20902,sheet_item.description.20902,2,2,0,,99,,0,209,,格挡宝石II,
20903,21,sheet_item.name.20903,20903,sheet_item.description.20903,3,3,0,,99,,0,210,,格挡宝石III,
20904,21,sheet_item.name.20904,20904,sheet_item.description.20904,3,4,0,,99,,0,211,,格挡宝石IV,
20905,21,sheet_item.name.20905,20905,sheet_item.description.20905,4,5,0,,99,,0,212,,格挡宝石V,
20906,21,sheet_item.name.20906,20906,sheet_item.description.20906,4,6,0,,99,,0,213,,格挡宝石VI,
20907,21,sheet_item.name.20907,20907,sheet_item.description.20907,5,7,0,,99,,0,214,,格挡宝石VII,
20908,21,sheet_item.name.20908,20908,sheet_item.description.20908,5,8,0,,99,,0,215,,格挡宝石VIII,
20909,21,sheet_item.name.20909,20909,sheet_item.description.20909,6,9,0,,99,,0,216,,格挡宝石IX,
20910,21,sheet_item.name.20910,20910,sheet_item.description.20910,6,10,0,,99,,0,217,,格挡宝石X,
30001,22,sheet_item.name.30001,30001,sheet_item.description.30001,2,1,0,,99,,0,218,,生命卷轴I,
30002,22,sheet_item.name.30002,30002,sheet_item.description.30002,2,2,0,,99,,0,219,,生命卷轴II,
30003,22,sheet_item.name.30003,30003,sheet_item.description.30003,3,3,0,,99,,0,220,,生命卷轴III,
30004,22,sheet_item.name.30004,30004,sheet_item.description.30004,3,4,0,,99,,0,221,,生命卷轴IV,
30005,22,sheet_item.name.30005,30005,sheet_item.description.30005,4,5,0,,99,,0,222,,生命卷轴V,
30006,22,sheet_item.name.30006,30005,sheet_item.description.30006,4,6,0,,99,,0,223,,生命卷轴VI,
30007,22,sheet_item.name.30007,30005,sheet_item.description.30007,5,7,0,,99,,0,224,,生命卷轴VII,
30008,22,sheet_item.name.30008,30005,sheet_item.description.30008,5,8,0,,99,,0,225,,生命卷轴VIII,
30009,22,sheet_item.name.30009,30005,sheet_item.description.30009,6,9,0,,99,,0,226,,生命卷轴IX,
30010,22,sheet_item.name.30010,30005,sheet_item.description.30010,6,10,0,,99,,0,227,,生命卷轴X,
30101,22,sheet_item.name.30101,30101,sheet_item.description.30101,2,1,0,,99,,0,228,,物攻卷轴I,
30102,22,sheet_item.name.30102,30102,sheet_item.description.30102,2,2,0,,99,,0,229,,物攻卷轴II,
30103,22,sheet_item.name.30103,30103,sheet_item.description.30103,3,3,0,,99,,0,230,,物攻卷轴III,
30104,22,sheet_item.name.30104,30104,sheet_item.description.30104,3,4,0,,99,,0,231,,物攻卷轴IV,
30105,22,sheet_item.name.30105,30105,sheet_item.description.30105,4,5,0,,99,,0,232,,物攻卷轴V,
30106,22,sheet_item.name.30106,30105,sheet_item.description.30106,4,6,0,,99,,0,233,,物攻卷轴VI,
30107,22,sheet_item.name.30107,30105,sheet_item.description.30107,5,7,0,,99,,0,234,,物攻卷轴VII,
30108,22,sheet_item.name.30108,30105,sheet_item.description.30108,5,8,0,,99,,0,235,,物攻卷轴VIII,
30109,22,sheet_item.name.30109,30105,sheet_item.description.30109,6,9,0,,99,,0,236,,物攻卷轴IX,
30110,22,sheet_item.name.30110,30105,sheet_item.description.30110,6,10,0,,99,,0,237,,物攻卷轴X,
30201,22,sheet_item.name.30201,30201,sheet_item.description.30201,2,1,0,,99,,0,238,,魔攻卷轴I,
30202,22,sheet_item.name.30202,30202,sheet_item.description.30202,2,2,0,,99,,0,239,,魔攻卷轴II,
30203,22,sheet_item.name.30203,30203,sheet_item.description.30203,3,3,0,,99,,0,240,,魔攻卷轴III,
30204,22,sheet_item.name.30204,30204,sheet_item.description.30204,3,4,0,,99,,0,241,,魔攻卷轴IV,
30205,22,sheet_item.name.30205,30205,sheet_item.description.30205,4,5,0,,99,,0,242,,魔攻卷轴V,
30206,22,sheet_item.name.30206,30205,sheet_item.description.30206,4,6,0,,99,,0,243,,魔攻卷轴VI,
30207,22,sheet_item.name.30207,30205,sheet_item.description.30207,5,7,0,,99,,0,244,,魔攻卷轴VII,
30208,22,sheet_item.name.30208,30205,sheet_item.description.30208,5,8,0,,99,,0,245,,魔攻卷轴VIII,
30209,22,sheet_item.name.30209,30205,sheet_item.description.30209,6,9,0,,99,,0,246,,魔攻卷轴IX,
30210,22,sheet_item.name.30210,30205,sheet_item.description.30210,6,10,0,,99,,0,247,,魔攻卷轴X,
30301,22,sheet_item.name.30301,30301,sheet_item.description.30301,2,1,0,,99,,0,248,,防御卷轴I,
30302,22,sheet_item.name.30302,30302,sheet_item.description.30302,2,2,0,,99,,0,249,,防御卷轴II,
30303,22,sheet_item.name.30303,30303,sheet_item.description.30303,3,3,0,,99,,0,250,,防御卷轴III,
30304,22,sheet_item.name.30304,30304,sheet_item.description.30304,3,4,0,,99,,0,251,,防御卷轴IV,
30305,22,sheet_item.name.30305,30305,sheet_item.description.30305,4,5,0,,99,,0,252,,防御卷轴V,
30306,22,sheet_item.name.30306,30305,sheet_item.description.30306,4,6,0,,99,,0,253,,防御卷轴VI,
30307,22,sheet_item.name.30307,30305,sheet_item.description.30307,5,7,0,,99,,0,254,,防御卷轴VII,
30308,22,sheet_item.name.30308,30305,sheet_item.description.30308,5,8,0,,99,,0,255,,防御卷轴VIII,
30309,22,sheet_item.name.30309,30305,sheet_item.description.30309,6,9,0,,99,,0,256,,防御卷轴IX,
30310,22,sheet_item.name.30310,30305,sheet_item.description.30310,6,10,0,,99,,0,257,,防御卷轴X,
30701,22,sheet_item.name.30701,30701,sheet_item.description.30701,2,1,0,,99,,0,258,,暴击卷轴I,
30702,22,sheet_item.name.30702,30702,sheet_item.description.30702,2,2,0,,99,,0,259,,暴击卷轴II,
30703,22,sheet_item.name.30703,30703,sheet_item.description.30703,3,3,0,,99,,0,260,,暴击卷轴III,
30704,22,sheet_item.name.30704,30704,sheet_item.description.30704,3,4,0,,99,,0,261,,暴击卷轴IV,
30705,22,sheet_item.name.30705,30705,sheet_item.description.30705,4,5,0,,99,,0,262,,暴击卷轴V,
31201,22,sheet_item.name.31201,31201,sheet_item.description.31201,2,1,0,,99,,0,263,,暴伤卷轴I,
31202,22,sheet_item.name.31202,31202,sheet_item.description.31202,2,2,0,,99,,0,264,,暴伤卷轴II,
31203,22,sheet_item.name.31203,31203,sheet_item.description.31203,3,3,0,,99,,0,265,,暴伤卷轴III,
31204,22,sheet_item.name.31204,31204,sheet_item.description.31204,3,4,0,,99,,0,266,,暴伤卷轴IV,
31205,22,sheet_item.name.31205,31205,sheet_item.description.31205,4,5,0,,99,,0,267,,暴伤卷轴V,
31401,22,sheet_item.name.31401,31401,sheet_item.description.31401,2,1,0,,99,,0,268,,破甲卷轴I,
31402,22,sheet_item.name.31402,31402,sheet_item.description.31402,2,2,0,,99,,0,269,,破甲卷轴II,
31403,22,sheet_item.name.31403,31403,sheet_item.description.31403,3,3,0,,99,,0,270,,破甲卷轴III,
31404,22,sheet_item.name.31404,31404,sheet_item.description.31404,3,4,0,,99,,0,271,,破甲卷轴IV,
31405,22,sheet_item.name.31405,31405,sheet_item.description.31405,4,5,0,,99,,0,272,,破甲卷轴V,
31601,22,sheet_item.name.31601,31601,sheet_item.description.31601,2,1,0,,99,,0,273,,伤增卷轴I,
31602,22,sheet_item.name.31602,31602,sheet_item.description.31602,2,2,0,,99,,0,274,,伤增卷轴II,
31603,22,sheet_item.name.31603,31603,sheet_item.description.31603,3,3,0,,99,,0,275,,伤增卷轴III,
31604,22,sheet_item.name.31604,31604,sheet_item.description.31604,3,4,0,,99,,0,276,,伤增卷轴IV,
31605,22,sheet_item.name.31605,31605,sheet_item.description.31605,4,5,0,,99,,0,277,,伤增卷轴V,
40001,23,sheet_item.name.40001,40001,sheet_item.description.40001,2,1,0,,99,,0,278,,升星宝石I,
40002,23,sheet_item.name.40002,40002,sheet_item.description.40002,3,2,0,,99,,0,279,,升星宝石II,
40003,23,sheet_item.name.40003,40003,sheet_item.description.40003,4,3,0,,99,,0,280,,升星宝石III,
40004,23,sheet_item.name.40004,40004,sheet_item.description.40004,5,4,0,,99,,0,281,,升星宝石IV,
50011,24,sheet_item.name.50011,50011,sheet_item.description.50011,2,1,0,,999,,0,282,,利牙,
50032,24,sheet_item.name.50032,50032,sheet_item.description.50032,3,1,0,,999,,0,283,,奎刚,
50051,24,sheet_item.name.50051,50051,sheet_item.description.50051,2,1,0,,999,,0,284,,肥肥,
50041,24,sheet_item.name.50041,50041,sheet_item.description.50041,2,1,0,,999,,0,285,,贝贝,
50081,24,sheet_item.name.50081,50081,sheet_item.description.50081,3,1,0,,999,,0,286,,硫克,
50091,24,sheet_item.name.50091,50091,sheet_item.description.50091,3,1,0,,999,,0,287,,珍妮,
50102,24,sheet_item.name.50102,50102,sheet_item.description.50102,3,1,0,,999,,0,288,,雷克泰勒,
50112,24,sheet_item.name.50112,50112,sheet_item.description.50112,4,1,0,,999,,0,289,,巴鲁克,
50122,24,sheet_item.name.50122,50122,sheet_item.description.50122,3,1,0,,999,,0,290,,影,
50132,24,sheet_item.name.50132,50132,sheet_item.description.50132,3,1,0,,999,,0,291,,莉迪亚,
50143,24,sheet_item.name.50143,50143,sheet_item.description.50143,4,1,0,,999,,0,292,,苍狼维克多,
50151,24,sheet_item.name.50151,50151,sheet_item.description.50151,2,1,0,,999,,0,293,,狮鹫,
50162,24,sheet_item.name.50162,50162,sheet_item.description.50162,3,1,0,,999,,0,294,,布朗尼雅,
50172,24,sheet_item.name.50172,50172,sheet_item.description.50172,3,1,0,,999,,0,295,,泰尔诺德,
50184,24,sheet_item.name.50184,50184,sheet_item.description.50184,4,1,0,,999,,0,296,,雅克・莫莱,
50203,24,sheet_item.name.50203,50203,sheet_item.description.50203,2,1,0,,999,,0,297,,利库,
50234,24,sheet_item.name.50234,50234,sheet_item.description.50234,5,1,0,,999,,0,298,,依米莉亚,
50242,24,sheet_item.name.50242,50242,sheet_item.description.50242,3,1,0,,999,,0,299,,伊瑟拉,
50273,24,sheet_item.name.50273,50273,sheet_item.description.50273,4,1,0,,999,,0,300,,暴风雪赫敏,
50292,24,sheet_item.name.50292,50292,sheet_item.description.50292,3,1,0,,999,,0,301,,禁军・蜂,
50302,24,sheet_item.name.50302,50302,sheet_item.description.50302,3,1,0,,999,,0,302,,禁军・魔刃,
50313,24,sheet_item.name.50313,50313,sheet_item.description.50313,3,1,0,,999,,0,303,,禁军・聚能,
50324,24,sheet_item.name.50324,50324,sheet_item.description.50324,4,1,0,,999,,0,304,,伊扎克,
50332,24,sheet_item.name.50332,50332,sheet_item.description.50332,3,1,0,,999,,0,305,,禁军・铁手,
50342,24,sheet_item.name.50342,50342,sheet_item.description.50342,3,1,0,,999,,0,306,,禁军・魔弓,
50353,24,sheet_item.name.50353,50353,sheet_item.description.50353,4,1,0,,999,,0,307,,团长 罗兰,
50362,24,sheet_item.name.50362,50362,sheet_item.description.50362,3,1,0,,999,,0,308,,基恩,
50373,24,sheet_item.name.50373,50373,sheet_item.description.50373,4,1,0,,999,,0,309,,特罗,
50423,24,sheet_item.name.50423,50423,sheet_item.description.50423,4,1,0,,999,,0,310,,狼族・族长,
50432,24,sheet_item.name.50432,50432,sheet_item.description.50432,3,1,0,,999,,0,311,,布朗奇,
50494,24,sheet_item.name.50494,50494,sheet_item.description.50494,5,1,0,,999,,0,312,,傀儡女王,
50506,24,sheet_item.name.50506,50506,sheet_item.description.50506,5,1,0,,999,,0,313,,毁灭者,
50516,24,sheet_item.name.50516,50516,sheet_item.description.50516,5,1,0,,999,,0,314,,毁灭者,
50526,24,sheet_item.name.50526,50526,sheet_item.description.50526,5,1,0,,999,,0,315,,战争,
50536,24,sheet_item.name.50536,50536,sheet_item.description.50536,5,1,0,,999,,0,316,,游侠,
50581,24,sheet_item.name.50581,50581,sheet_item.description.50581,5,1,0,,999,,0,317,,宝箱大魔王,
50591,24,sheet_item.name.50591,50591,sheet_item.description.50591,2,1,0,,999,,0,318,,发条兔,
50601,24,sheet_item.name.50601,50601,sheet_item.description.50601,3,1,0,,999,,0,319,,爆爆熊,
50611,24,sheet_item.name.50611,50611,sheet_item.description.50611,2,1,0,,999,,0,320,,铁皮猫,
50631,24,sheet_item.name.50631,50631,sheet_item.description.50631,2,1,0,,999,,0,321,,辣椒,
50653,24,sheet_item.name.50653,50653,sheet_item.description.50653,3,1,0,,999,,0,322,,维克多,
50663,24,sheet_item.name.50663,50663,sheet_item.description.50663,3,1,0,,999,,0,323,,苍狼,
50691,24,sheet_item.name.50691,50691,sheet_item.description.50691,2,1,0,,999,,0,324,,壮壮,
50981,24,sheet_item.name.51001,51001,sheet_item.description.51001,2,1,0,,999,,0,325,,羊,
50991,24,sheet_item.name.51001,51001,sheet_item.description.51001,3,1,0,,999,,0,325,,羊,
51001,24,sheet_item.name.51001,51001,sheet_item.description.51001,4,1,0,,999,,0,325,,羊,
51013,24,sheet_item.name.51013,51013,sheet_item.description.51013,5,1,0,,999,,0,326,,艾琳・乔依娜,
51023,24,sheet_item.name.51023,51023,sheet_item.description.51023,4,1,0,,999,,0,327,,艾尔・诺德,
51034,24,sheet_item.name.51034,51034,sheet_item.description.51034,5,1,0,,999,,0,328,,盖拉德丽尔,
51044,24,sheet_item.name.51044,51044,sheet_item.description.51044,5,1,0,,999,,0,329,,阿妮朵拉,
51054,24,sheet_item.name.51054,51054,sheet_item.description.51054,5,1,0,,999,,0,330,,九尾狐・桔梗,
51074,24,sheet_item.name.51074,51074,sheet_item.description.51074,5,1,0,,999,,0,331,,贝丽谢尔 ,
51084,24,sheet_item.name.51084,51084,sheet_item.description.51084,5,1,0,,999,,0,332,,亚岱尔,
51093,24,sheet_item.name.51093,51093,sheet_item.description.51093,4,1,0,,999,,0,333,,格力斯特 ,
51104,24,sheet_item.name.51104,51104,sheet_item.description.51104,5,1,0,,999,,0,334,,米歇尔,
51123,24,sheet_item.name.51123,51123,sheet_item.description.51123,5,1,0,,999,,0,335,,阿瑟,
51154,24,sheet_item.name.51154,51154,sheet_item.description.51154,4,1,0,,999,,0,336,,朱莉娅,
51173,24,sheet_item.name.51173,51173,sheet_item.description.51173,4,1,0,,999,,0,337,,露露,
51193,24,sheet_item.name.51193,51193,sheet_item.description.51193,4,1,0,,999,,0,338,,拉谢尔,
51204,24,sheet_item.name.51204,51204,sheet_item.description.51204,5,1,0,,999,,0,339,,吉娜,
51214,24,sheet_item.name.51214,51214,sheet_item.description.51214,5,1,0,,999,,0,340,,洛瑞妮,
51224,24,sheet_item.name.51224,51224,sheet_item.description.51224,4,1,0,,999,,0,341,,安德烈,
51243,24,sheet_item.name.51243,51243,sheet_item.description.51243,4,1,0,,999,,0,342,,挨拉,
51254,24,sheet_item.name.51254,51254,sheet_item.description.51254,4,1,0,,999,,0,343,,女仆长,
51284,24,sheet_item.name.51284,51284,sheet_item.description.51284,5,1,0,,999,,0,344,,狄丽斯,
51294,24,sheet_item.name.51294,51294,sheet_item.description.51294,4,1,0,,999,,0,345,,雪梨,
51304,24,sheet_item.name.51304,51304,sheet_item.description.51304,5,1,0,,999,,0,346,,傲娇娘,
51314,24,sheet_item.name.51314,51314,sheet_item.description.51314,5,1,0,,999,,0,347,,千香,
51334,24,sheet_item.name.51334,51334,sheet_item.description.51334,5,1,0,,999,,0,348,,金闪闪,
51344,24,sheet_item.name.51344,51344,sheet_item.description.51344,5,1,0,,999,,0,349,,仓木,
51363,24,sheet_item.name.51363,51363,sheet_item.description.51363,3,1,0,,999,,0,350,,英梨,
51374,24,sheet_item.name.51374,51374,sheet_item.description.51374,5,1,0,,999,,0,351,,由宇,
51384,24,sheet_item.name.51384,51384,sheet_item.description.51384,5,1,0,,999,,0,352,,雷拉,
51394,24,sheet_item.name.51394,51394,sheet_item.description.51394,5,1,0,,999,,0,353,,葱娘,
51403,24,sheet_item.name.51403,51403,sheet_item.description.51403,5,1,0,,999,,0,354,,艾丽塔,
51414,24,sheet_item.name.51414,51414,sheet_item.description.51414,5,1,0,,999,,0,355,,伊露,
51464,24,sheet_item.name.51464,51464,sheet_item.description.51464,4,1,0,,999,,0,356,,菲・克劳塞尔,
51474,24,sheet_item.name.51474,51474,sheet_item.description.51474,4,1,0,,999,,0,357,,喵酱,
51480,24,sheet_item.name.51480,51480,sheet_item.description.51480,5,1,0,,999,,0,358,,浅浅,
51490,24,sheet_item.name.51490,51490,sheet_item.description.51490,5,1,0,,999,,0,359,,范范,
51500,24,sheet_item.name.51500,51500,sheet_item.description.51500,5,1,0,,999,,0,360,,yaoyao,
51510,24,sheet_item.name.51510,51510,sheet_item.description.51510,5,1,0,,999,,0,361,,mika,
51520,24,sheet_item.name.51520,51520,sheet_item.description.51520,5,1,0,,999,,0,362,,zixi,
51550,24,sheet_item.name.51550,51550,sheet_item.description.51550,4,1,0,,999,,0,363,,骷髅兵(亚种),
51560,24,sheet_item.name.51560,51560,sheet_item.description.51560,4,1,0,,999,,0,364,,小恶魔(亚种),
51570,24,sheet_item.name.51570,51570,sheet_item.description.51570,4,1,0,,999,,0,365,,发条兔(亚种),
51580,24,sheet_item.name.51580,51580,sheet_item.description.51580,4,1,0,,999,,0,366,,暴暴熊(亚种),
51590,24,sheet_item.name.51590,51590,sheet_item.description.51590,4,1,0,,999,,0,367,,铁皮猫(亚种),
51600,24,sheet_item.name.51600,51600,sheet_item.description.51600,4,1,0,,999,,0,368,,狮鹫(亚种),
51610,24,sheet_item.name.51610,51610,sheet_item.description.51610,4,1,0,,999,,0,369,,伊瑟拉(亚种),
51620,24,sheet_item.name.51620,51620,sheet_item.description.51620,4,1,0,,999,,0,370,,利牙(亚种),
52004,24,sheet_item.name.52004,52004,sheet_item.description.52004,5,1,0,,999,,0,371,,初心者,
52015,24,sheet_item.name.52015,52015,sheet_item.description.52015,5,1,0,,999,,0,372,,毁灭者,
52026,24,sheet_item.name.52026,52026,sheet_item.description.52026,5,1,0,,999,,0,373,,游侠,
52036,24,sheet_item.name.52036,52036,sheet_item.description.52036,5,1,0,,999,,0,374,,武士,
52046,24,sheet_item.name.52046,52046,sheet_item.description.52046,5,1,0,,999,,0,375,,骑士,
52056,24,sheet_item.name.52056,52056,sheet_item.description.52056,5,1,0,,999,,0,376,,使魔・天启者,
52066,24,sheet_item.name.52066,52066,sheet_item.description.52066,5,1,0,,999,,0,377,,使魔・狂战士,
60112,26,sheet_item.name.60112,60112,sheet_item.description.60112,2,1,0,,99,,0,378,,铁质长枪,
60212,26,sheet_item.name.60212,60212,sheet_item.description.60212,2,1,0,,99,,0,379,,铁质战斧,
60312,26,sheet_item.name.60312,60312,sheet_item.description.60312,2,1,0,,99,,0,380,,长柄魔杖,
60412,26,sheet_item.name.60412,60412,sheet_item.description.60412,2,1,0,,99,,0,381,,轻木权杖,
60512,26,sheet_item.name.60512,60512,sheet_item.description.60512,2,1,0,,99,,0,382,,铁质大剑,
60122,26,sheet_item.name.60122,60122,sheet_item.description.60122,2,1,0,,99,,0,383,,铁质铠甲,
60222,26,sheet_item.name.60222,60222,sheet_item.description.60222,2,1,0,,99,,0,384,,兽皮战甲,
60322,26,sheet_item.name.60322,60322,sheet_item.description.60322,2,1,0,,99,,0,385,,棉质法袍,
60422,26,sheet_item.name.60422,60422,sheet_item.description.60422,2,1,0,,99,,0,386,,棉质风衣,
60522,26,sheet_item.name.60522,60522,sheet_item.description.60522,2,1,0,,99,,0,387,,铁质锁甲,
60132,26,sheet_item.name.60132,60132,sheet_item.description.60132,2,1,0,,99,,0,388,,铁质勋章,
60232,26,sheet_item.name.60232,60232,sheet_item.description.60232,2,1,0,,99,,0,389,,兽牙项链,
60332,26,sheet_item.name.60332,60332,sheet_item.description.60332,2,1,0,,99,,0,390,,珍珠戒指,
60432,26,sheet_item.name.60432,60432,sheet_item.description.60432,2,1,0,,99,,0,391,,恢复圣典,
60532,26,sheet_item.name.60532,60532,sheet_item.description.60532,2,1,0,,99,,0,392,,兽骨指环,
60113,26,sheet_item.name.60113,60113,sheet_item.description.60113,3,1,0,,99,,0,393,,强化的铁质长枪,
60213,26,sheet_item.name.60213,60213,sheet_item.description.60213,3,1,0,,99,,0,394,,强化的铁质战斧,
60313,26,sheet_item.name.60313,60313,sheet_item.description.60313,3,1,0,,99,,0,395,,强化的长柄魔杖,
60413,26,sheet_item.name.60413,60413,sheet_item.description.60413,3,1,0,,99,,0,396,,强化的轻木权杖,
60513,26,sheet_item.name.60513,60513,sheet_item.description.60513,3,1,0,,99,,0,397,,强化的铁质大剑,
60123,26,sheet_item.name.60123,60123,sheet_item.description.60123,3,1,0,,99,,0,398,,强化的铁质铠甲,
60223,26,sheet_item.name.60223,60223,sheet_item.description.60223,3,1,0,,99,,0,399,,强化的兽皮战甲,
60323,26,sheet_item.name.60323,60323,sheet_item.description.60323,3,1,0,,99,,0,400,,强化的棉质法袍,
60423,26,sheet_item.name.60423,60423,sheet_item.description.60423,3,1,0,,99,,0,401,,强化的棉质风衣,
60523,26,sheet_item.name.60523,60523,sheet_item.description.60523,3,1,0,,99,,0,402,,强化的铁质锁甲,
60133,26,sheet_item.name.60133,60133,sheet_item.description.60133,3,1,0,,99,,0,403,,强化的铁质勋章,
60233,26,sheet_item.name.60233,60233,sheet_item.description.60233,3,1,0,,99,,0,404,,强化的兽牙项链,
60333,26,sheet_item.name.60333,60333,sheet_item.description.60333,3,1,0,,99,,0,405,,强化的珍珠戒指,
60433,26,sheet_item.name.60433,60433,sheet_item.description.60433,3,1,0,,99,,0,406,,强化的恢复圣典,
60533,26,sheet_item.name.60533,60533,sheet_item.description.60533,3,1,0,,99,,0,407,,强化的兽骨指环,
60114,26,sheet_item.name.60114,60114,sheet_item.description.60114,4,1,0,,99,,0,408,,誓言长枪,
60214,26,sheet_item.name.60214,60214,sheet_item.description.60214,4,1,0,,99,,0,409,,无畏战斧,
60314,26,sheet_item.name.60314,60314,sheet_item.description.60314,4,1,0,,99,,0,410,,暴风魔杖,
60414,26,sheet_item.name.60414,60414,sheet_item.description.60414,4,1,0,,99,,0,411,,祈祷权杖,
60514,26,sheet_item.name.60514,60514,sheet_item.description.60514,4,1,0,,99,,0,412,,雷霆大剑,
60124,26,sheet_item.name.60124,60124,sheet_item.description.60124,4,1,0,,99,,0,413,,誓言铠甲,
60224,26,sheet_item.name.60224,60224,sheet_item.description.60224,4,1,0,,99,,0,414,,无畏战甲,
60324,26,sheet_item.name.60324,60324,sheet_item.description.60324,4,1,0,,99,,0,415,,暴风法袍,
60424,26,sheet_item.name.60424,60424,sheet_item.description.60424,4,1,0,,99,,0,416,,祈祷风衣,
60524,26,sheet_item.name.60524,60524,sheet_item.description.60524,4,1,0,,99,,0,417,,雷霆锁甲,
60134,26,sheet_item.name.60134,60134,sheet_item.description.60134,4,1,0,,99,,0,418,,誓言勋章,
60234,26,sheet_item.name.60234,60234,sheet_item.description.60234,4,1,0,,99,,0,419,,无畏项链,
60334,26,sheet_item.name.60334,60334,sheet_item.description.60334,4,1,0,,99,,0,420,,暴风戒指,
60434,26,sheet_item.name.60434,60434,sheet_item.description.60434,4,1,0,,99,,0,421,,祈祷圣典,
60534,26,sheet_item.name.60534,60534,sheet_item.description.60534,4,1,0,,99,,0,422,,雷霆指环,
60115,26,sheet_item.name.60115,60115,sheet_item.description.60115,5,1,0,,99,,0,423,,审判长枪,
60215,26,sheet_item.name.60215,60215,sheet_item.description.60215,5,1,0,,99,,0,424,,裂空战斧,
60315,26,sheet_item.name.60315,60315,sheet_item.description.60315,5,1,0,,99,,0,425,,飓风魔杖,
60415,26,sheet_item.name.60415,60415,sheet_item.description.60415,5,1,0,,99,,0,426,,神佑权杖,
60515,26,sheet_item.name.60515,60515,sheet_item.description.60515,5,1,0,,99,,0,427,,毁灭大剑,
60125,26,sheet_item.name.60125,60125,sheet_item.description.60125,5,1,0,,99,,0,428,,审判铠甲,
60225,26,sheet_item.name.60225,60225,sheet_item.description.60225,5,1,0,,99,,0,429,,裂空战甲,
60325,26,sheet_item.name.60325,60325,sheet_item.description.60325,5,1,0,,99,,0,430,,飓风法袍,
60425,26,sheet_item.name.60425,60425,sheet_item.description.60425,5,1,0,,99,,0,431,,神佑风衣,
60525,26,sheet_item.name.60525,60525,sheet_item.description.60525,5,1,0,,99,,0,432,,毁灭锁甲,
60135,26,sheet_item.name.60135,60135,sheet_item.description.60135,5,1,0,,99,,0,433,,审判勋章,
60235,26,sheet_item.name.60235,60235,sheet_item.description.60235,5,1,0,,99,,0,434,,裂空项链,
60335,26,sheet_item.name.60335,60335,sheet_item.description.60335,5,1,0,,99,,0,435,,飓风戒指,
60435,26,sheet_item.name.60435,60435,sheet_item.description.60435,5,1,0,,99,,0,436,,神佑圣典,
60535,26,sheet_item.name.60535,60535,sheet_item.description.60535,5,1,0,,99,,0,437,,毁灭指环,
900102,1,sheet_item.name.900102,icon_equip_type_1,sheet_item.description.900102,2,0,0,,99,,1,438,,绿色防御装备,显示用
900202,1,sheet_item.name.900202,icon_equip_type_4,sheet_item.description.900202,2,0,0,,99,,2,439,,绿色物攻装备,显示用
900302,1,sheet_item.name.900302,icon_equip_type_2,sheet_item.description.900302,2,0,0,,99,,3,440,,绿色魔攻装备,显示用
900402,1,sheet_item.name.900402,icon_equip_type_5,sheet_item.description.900402,2,0,0,,99,,4,441,,绿色辅助装备,显示用
900502,1,sheet_item.name.900502,icon_equip_type_3,sheet_item.description.900502,2,0,0,,99,,5,442,,绿色全能装备,显示用
900103,1,sheet_item.name.900103,icon_equip_type_1_1,sheet_item.description.900103,3,0,0,,99,,1,443,,蓝色防御装备,显示用
900203,1,sheet_item.name.900203,icon_equip_type_4_1,sheet_item.description.900203,3,0,0,,99,,2,444,,蓝色物攻装备,显示用
900303,1,sheet_item.name.900303,icon_equip_type_2_1,sheet_item.description.900303,3,0,0,,99,,3,445,,蓝色魔攻装备,显示用
900403,1,sheet_item.name.900403,icon_equip_type_5_1,sheet_item.description.900403,3,0,0,,99,,4,446,,蓝色辅助装备,显示用
900503,1,sheet_item.name.900503,icon_equip_type_3_1,sheet_item.description.900503,3,0,0,,99,,5,447,,蓝色全能装备,显示用
900104,1,sheet_item.name.900104,icon_equip_type_1_1,sheet_item.description.900104,4,0,0,,99,,1,448,,紫色防御装备,显示用
900204,1,sheet_item.name.900204,icon_equip_type_4_1,sheet_item.description.900204,4,0,0,,99,,2,449,,紫色物攻装备,显示用
900304,1,sheet_item.name.900304,icon_equip_type_2_1,sheet_item.description.900304,4,0,0,,99,,3,450,,紫色魔攻装备,显示用
900404,1,sheet_item.name.900404,icon_equip_type_5_1,sheet_item.description.900404,4,0,0,,99,,4,451,,紫色辅助装备,显示用
900504,1,sheet_item.name.900504,icon_equip_type_3_1,sheet_item.description.900504,4,0,0,,99,,5,452,,紫色全能装备,显示用
900105,1,sheet_item.name.900105,icon_equip_type_1_1,sheet_item.description.900105,5,0,0,,99,,1,453,,橙色防御装备,显示用
900205,1,sheet_item.name.900205,icon_equip_type_4_1,sheet_item.description.900205,5,0,0,,99,,2,454,,橙色物攻装备,显示用
900305,1,sheet_item.name.900305,icon_equip_type_2_1,sheet_item.description.900305,5,0,0,,99,,3,455,,橙色魔攻装备,显示用
900405,1,sheet_item.name.900405,icon_equip_type_5_1,sheet_item.description.900405,5,0,0,,99,,4,456,,橙色辅助装备,显示用
900505,1,sheet_item.name.900505,icon_equip_type_3_1,sheet_item.description.900505,5,0,0,,99,,5,457,,橙色全能装备,显示用
990008,1,sheet_item.name.990008,8,sheet_item.description.990008,1,0,0,,99,,0,458,,金币图标,显示用
90320001,25,sheet_item.name.90320001,icon_present,sheet_item.description.90320001,2,0,0,90320001,99,,0,459,,绿色装备箱,
90330001,25,sheet_item.name.90330001,icon_present,sheet_item.description.90330001,3,0,0,90330001,99,,0,460,,蓝色装备箱,
90340001,25,sheet_item.name.90340001,icon_present,sheet_item.description.90340001,4,0,0,90340001,99,,0,461,,紫色装备箱,
88888888,25,sheet_item.name.10135,10135,sheet_item.description.10135,0,0,0,88888888,99,,0,85,,GM礼包,
